seller,seller_rank,item_sales_brl,cumulative_pct_sellers,cumulative_pct_sales
4869f7a5dfa277a7dca6462dcf3b52b2,1,212558.53,0.0358,1.7222
53243585a1d6dc2643021fd1853d8905,2,202182.44,0.0716,3.3603
4a3ca9315b744ce9f8e9374361493884,3,191951.72,0.1074,4.9155
7c67e1448b00f6e969d365cea6b010ab,4,185270.28,0.1432,6.4166
fa1c13f2614d7b5c4749cbc52fecda94,5,182202.34,0.179,7.8928
7e93a43ef30c4f03f38b393420bc753a,6,164582.49,0.2148,9.2263
da8622b14eb17ae2831f4ac5b9dab84a,7,155017.89,0.2506,10.4822
7a67c85e85bb2ce8582c35f2203ad736,8,138255.86,0.2864,11.6024
955fee9216a65b617aa5c0531780ce60,9,124834.14,0.3222,12.6138
1025f0e2d44d7041d6cf58b6550e0bfa,10,121416.96,0.358,13.5976
46dc3b2cc0980fb8ec44634e21d2718e,11,119736.52,0.3938,14.5677
5dceca129747e92ff8ef7a997dc4f8ca,12,111126.73,0.4296,15.468
6560211a19b47992c3666cc44a7e94c0,13,107533.83,0.4654,16.3393
1f50f920176fa81dab994f9023523100,14,104110.15,0.5013,17.1828
7d13fca15225358621be4086e1eb0964,15,102799.14,0.5371,18.0157
620c87c171fb2a6dd6e8bb4dec959fc6,16,102317.3,0.5729,18.8447
cc419e0650a3c5ba77189a1882b7556a,17,99293.39,0.6087,19.6492
a1043bafd471dff536d0c462352beb48,18,96346.41,0.6445,20.4298
3d871de0142ce09b7081e2b9d1733cb1,19,90822.7,0.6803,21.1656
edb1ef5e36e0c8cd84eb3c9b003e486d,20,72897.45,0.7161,21.7563
ccc4bbb5f32a6ab2b7066a4130f114e3,21,69145.93,0.7519,22.3165
8581055ce74af1daba164fdbd55a40de,22,64011.22,0.7877,22.8351
fe2032dab1a61af8794248c8196565c9,23,62172.41,0.8235,23.3388
cca3071e3e9bb7d12640c9fbe2301306,24,61862.72,0.8593,23.8401
f7ba60f8c3f99e7ee4042fdef03b70c4,25,57229.0,0.8951,24.3037
522620dcb18a6b31cd7bdf73665113a9,26,55823.69,0.9309,24.756
37be5a7c751166fbc5f8ccba4119e043,27,54735.55,0.9667,25.1995
7ddcbb64b5bc1ef36ca8c151f6ec77df,28,54435.66,1.0025,25.6406
25c5c91f63607446a97b143d2d535d31,29,54208.78,1.0383,26.0798
218d46b86c1881d022bce9c68a7d4b15,30,52978.3,1.0741,26.509
17e34d8224d27a541263c4c64b11a56b,31,51802.77,1.1099,26.9287
de722cd6dad950a92b7d4f82673f8833,32,51488.4,1.1457,27.3459
e882b2a25a10b9c057cc49695f222c19,33,50584.54,1.1815,27.7557
04308b1ee57b6625f47df1d56f00eedf,34,50491.4,1.2173,28.1648
b2ba3715d723d245138f291a6fe42594,35,48758.98,1.2531,28.5599
ceaec5548eefc6e23e6607c5435102e7,36,48402.94,1.2889,28.952
f8db351d8c4c4c22c6835c19a46f01b0,37,48066.4,1.3247,29.3415
f5a590cf36251cf1162ea35bef76fe84,38,47636.78,1.3605,29.7274
17f51e7198701186712e53a39c564617,39,46919.0,1.3963,30.1076
2bf6a2c1e71bbd29a4ad64e6d3c3629f,40,46229.2,1.4322,30.4821
850f4f8af5ea87287ac68de36e29107f,41,45285.37,1.468,30.849
8160255418d5aaa7dbdc9f4c64ebda44,42,44879.89,1.5038,31.2126
4e922959ae960d389249c378d1c939f5,43,44411.44,1.5396,31.5725
966cb4760537b1404caedd472cc610a5,44,44101.36,1.5754,31.9298
b33e7c55446eabf8fe1a42d037ac7d6d,45,44085.27,1.6112,32.287
77530e9772f57a62c906e1c21538ab82,46,43875.8,1.647,32.6425
c826c40d7b19f62a09e2d7c5e7295ee2,47,43567.57,1.6828,32.9954
ba90964cff9b9e0e6f32b23b82465f7b,48,42814.5,1.7186,33.3423
4d6d651bd7684af3fffabd5f08d12e5a,49,41369.4,1.7544,33.6775
c3cfdc648177fdbbbb35635a37472c53,50,40762.75,1.7902,34.0078
e9779976487b77c6d4ac45f75ec7afe9,51,39720.04,1.826,34.3296
eeb6de78f79159600292e314a77cbd18,52,39414.84,1.8618,34.6489
712e6ed8aa4aa1fa65dab41fed5737e4,53,39385.0,1.8976,34.968
2eb70248d66e0e3ef83659f71b244378,54,38990.72,1.9334,35.2839
834f3294fba9f932f56edc879193f925,55,38552.9,1.9692,35.5963
17a053fcb14bd219540cbde0df490be0,56,37746.14,2.005,35.9021
634964b17796e64304cadf1ad3050fb7,57,37343.5,2.0408,36.2047
391fc6631aebcf3004804e51b40bcf1e,58,37298.67,2.0766,36.5069
d91fb3b7d041e83b64a00a3edfb37e4f,59,36872.61,2.1124,36.8056
7142540dd4c91e2237acb7e911c4eba2,60,36692.14,2.1482,37.1029
59417c56835dd8e2e72f91f809cd4092,61,36459.0,2.184,37.3983
7178f9f4dd81dcef02f62acdf8151e01,62,35823.76,2.2198,37.6886
ea8482cd71df3c1969d7b9473ff13abc,63,35359.72,2.2556,37.9751
b839e41795b7f3ad94cc2014a52f6796,64,35119.0,2.2914,38.2596
c3867b4666c7d76867627c2f7fb22e21,65,34666.9,2.3272,38.5405
5c243662ce92d84573bfaff24c3e3700,66,32862.02,2.3631,38.8067
9c0e69c7bf2619675bbadf47b43f655a,67,32720.4,2.3989,39.0718
7299e27ed73d2ad986de7f7c77d919fa,68,31888.61,2.4347,39.3302
dbc22125167c298ef99da25668e1011f,69,31183.57,2.4705,39.5828
2528513dd95219a6013d4d05176e391a,70,31100.2,2.5063,39.8348
1835b56ce799e6a4dc4eddc053f04066,71,30900.75,2.5421,40.0852
855668e0971d4dfd7bef1b6a4133b41b,72,30705.24,2.5779,40.334
70eea00b476a314817cefde4aad4f89a,73,30601.95,2.6137,40.5819
e9bc59e7b60fc3063eb2290deda4cced,74,30144.7,2.6495,40.8261
88460e8ebdecbfecb5f9601833981930,75,30057.8,2.6853,41.0697
c70c1b0d8ca86052f45a432a38b73958,76,29988.26,2.7211,41.3126
70a12e78e608ac31179aea7f8422044b,77,29774.53,2.7569,41.5539
76d5af76d0271110f9af36c92573f765,78,29762.6,2.7927,41.795
e59aa562b9f8076dd550fcddf0e73491,79,29753.8,2.8285,42.0361
06a2c3af7b3aee5d69171b0e14f0ee87,80,29711.66,2.8643,42.2768
87142160b41353c4e5fca2360caf6f92,81,29316.38,2.9001,42.5143
d23019c84ffae2d5ef2270367b8605fc,82,28395.5,2.9359,42.7444
53e4c6e0f4312d4d2107a8c9cddf45cd,83,28279.9,2.9717,42.9735
0241d4d5d36f10f80c644447315af0bd,84,28198.9,3.0075,43.202
0b90b6df587eb83608a64ea8b390cf07,85,28084.86,3.0433,43.4295
1554a68530182680ad5c8b042c3ab563,86,26960.64,3.0791,43.648
7681ef142fd2c19048da7430856b5588,87,26282.92,3.1149,43.8609
d1c281d3ae149232351cd8c8cc885f0d,88,26244.67,3.1507,44.0736
de23c3b98a88888289c6f5cc1209054a,89,25863.68,3.1865,44.2831
7e1fb0a3ebfb01ffb3a7dae98bf3238d,90,25655.53,3.2223,44.491
900ba814c251a692506d7834c1218441,91,25446.46,3.2581,44.6972
b94cc9f10ddc85e4ba73a6f7974e7101,92,25346.1,3.2939,44.9025
12b9676b00f60f3b700e83af21824c0e,93,25331.0,3.3298,45.1077
b32be1695eb7ec5f10f72d9610a12527,94,24928.0,3.3656,45.3097
59b22a78efb79a4797979612b885db36,95,24774.5,3.4014,45.5104
a3a38f4affed601eb87a97788c949667,96,24718.14,3.4372,45.7107
001cca7ae9ae17fb1caed9dfb1094831,97,24487.03,3.473,45.9091
1c68394e931a64f90ea236c5ea590300,98,24326.81,3.5088,46.1062
b37c4c02bda3161a7546a4e6d222d5b2,99,24075.0,3.5446,46.3013
a416b6a846a11724393025641d4edd5e,100,23691.19,3.5804,46.4932
2b3e4a2a3ea8e01938cabda2a3e5cc79,101,23629.15,3.6162,46.6847
dc4a0fc896dc34b0d5bfec8438291c80,102,23258.01,3.652,46.8731
1900267e848ceeba8fa32d80c1a5f5a8,103,23096.69,3.6878,47.0602
7b0df942f46435babab05d49b744b2c4,104,22600.63,3.7236,47.2433
16090f2ca825584b5a147ab24aa30c86,105,22403.2,3.7594,47.4249
1a3df491d1c4f1589fc2b934ada68bf2,106,22383.4,3.7952,47.6062
744dac408745240a2c2528fb1b6028f3,107,22144.6,3.831,47.7856
ff69aa92bb6b1bf9b8b7a51c2ed9cf8b,108,21940.8,3.8668,47.9634
897060da8b9a21f655304d50fd935913,109,21669.51,3.9026,48.139
b1b3948701c5c72445495bd161b83a4c,110,21519.5,3.9384,48.3133
f62d7bb4a613ec758a03342d46b580b2,111,21485.0,3.9742,48.4874
8444e55c1f13cd5c179851e5ca5ebd00,112,21480.96,4.01,48.6614
710e3548e02bc1d2831dfc4f1b5b14d4,113,21204.48,4.0458,48.8332
f45122a9ab94eb4f3f8953578bc0c560,114,21129.73,4.0816,49.0044
59fb871bf6f4522a87ba567b42dafecf,115,21068.61,4.1174,49.1751
9f505651f4a6abe901a56cdc21508025,116,21004.4,4.1532,49.3453
c003204e1ab016dfa150abc119207b24,117,20345.99,4.189,49.5102
8f2ce03f928b567e3d56181ae20ae952,118,20178.1,4.2248,49.6736
00ee68308b45bc5e2660cd833c3f81cc,119,20062.0,4.2607,49.8362
48162d548f5b1b11b9d29d1e01f75a61,120,19724.39,4.2965,49.996
d2374cbcbb3ca4ab1086534108cc3ab7,121,19678.62,4.3323,50.1554
004c9cd9d87a3c30c522c48c4fc07416,122,19569.73,4.3681,50.314
bfd27a966d91cfaafdb25d076585f0da,123,19225.0,4.4039,50.4698
05ff92fedb5be47920fea08e501238b9,124,19223.8,4.4397,50.6255
7ad32824caee82087b3e2e5f33b1bf32,125,19111.2,4.4755,50.7803
dc317f341ab0e22f39acbd9dbf9b4a1f,126,18988.4,4.5113,50.9342
96493fab2fbb13a14d0c0e8772eef5c3,127,18969.0,4.5471,51.0879
729f06993dac8e860d4f02d7088ca48a,128,18876.88,4.5829,51.2408
f457c46070d02cadd8a68551231220dd,129,18798.3,4.6187,51.3931
06e5eefc71ec47ae763c5c6f8db7064f,130,18676.26,4.6545,51.5444
44073f8b7e41514de3b7815dd0237f4f,131,18330.74,4.6903,51.693
cd68562d3f44870c08922d380acae552,132,18119.7,4.7261,51.8398
612170e34b97004b3ba37eae81836b4c,133,18045.92,4.7619,51.986
0dd184061fb0eaa7ca37932c68ab91c5,134,17993.92,4.7977,52.1318
527801b552d0077ffd170872eb49683b,135,17565.3,4.8335,52.2741
a888faf2d1baececa6baf9c3d603ee1f,136,17564.8,4.8693,52.4164
9de4643a8dbde634fe55621059d92273,137,17560.34,4.9051,52.5587
94144541854e298c2d976cb893b81343,138,17286.28,4.9409,52.6987
40db9e9aa57f7bb151bcda6b0f9bdbb7,139,17134.0,4.9767,52.8376
165fc07beebdcb6190fba8a06db2a449,140,17101.8,5.0125,52.9761
8b321bb669392f5163d04c59e235e066,141,16888.84,5.0483,53.1129
abe42c5d03695b4257b5c6cbf4e6784e,142,16671.0,5.0841,53.248
0c8380b62e38e8a1e6adbeba7eb9688c,143,16563.5,5.1199,53.3822
54a1852d1b8f10312c55e906355666ee,144,16510.53,5.1557,53.516
821fb029fc6e495ca4f08a35d51e53a5,145,16333.72,5.1916,53.6483
76d64c4aca3a7baf218bf93ef7fa768d,146,16294.1,5.2274,53.7803
41b39e28db005d9731d9d485a83b4c38,147,16181.85,5.2632,53.9115
1f1bb1f0859883505541bdd6606193e5,148,16040.84,5.299,54.0414
7aa4334be125fcdd2ba64b3180029f14,149,16012.95,5.3348,54.1712
86ccac0b835037332a596a33b6949ee1,150,15894.34,5.3706,54.2999
fa40cc5b934574b62717c68f3d678b6d,151,15850.58,5.4064,54.4284
ef0ace09169ac090589d85746e3e036f,152,15784.9,5.4422,54.5562
4a3ccda38b2129705f3fb522db62ca31,153,15527.12,5.478,54.682
1e8b33f18b4f7598d87f5cbee2282cc2,154,15518.76,5.5138,54.8078
d650b663c3b5f6fb392b6326366efa9a,155,15399.9,5.5496,54.9326
0adac9fbd9a2b63cccaac4f8756c1ca8,156,15291.7,5.5854,55.0565
2a5b78b41cd05baeac8df54c6606b92c,157,15262.3,5.6212,55.1801
c847e075301870dd144a116762eaff9a,158,15248.8,5.657,55.3037
8ae520247981aa06bc94abddf5f46d34,159,15016.23,5.6928,55.4253
e5a38146df062edaf55c38afa99e42dc,160,15003.54,5.7286,55.5469
e2a1ac9bf33e5549a2a4f834e70df2f8,161,14999.45,5.7644,55.6684
229c3efbfb0ea2058de4ccdfbc3d784a,162,14962.0,5.8002,55.7896
c72de06d72748d1a0dfb2125be43ba63,163,14426.0,5.836,55.9065
1b4c3a6f53068f0b6944d2d005c9fc89,164,14420.5,5.8718,56.0233
85d9eb9ddc5d00ca9336a2219c97bb13,165,14299.3,5.9076,56.1392
080199a181c46c657dc5aa235411be3b,166,14181.2,5.9434,56.2541
f9244d45189d3a3605499abddeade7d5,167,14081.45,5.9792,56.3682
f08a5b9dd6767129688d001acafc21e5,168,14069.63,6.015,56.4822
2a84855fd20af891be03bc5924d2b453,169,13959.3,6.0508,56.5953
8e6d7754bc7e0f22c96d255ebda59eba,170,13943.59,6.0866,56.7083
4c2b230173bb36f9b240f2b8ac11786e,171,13933.77,6.1224,56.8212
c6bda72e4dbf5c5866b13cb1810c6d03,172,13803.5,6.1583,56.933
d921b68bf747894be13a97ae52b0f386,173,13739.3,6.1941,57.0443
a5cba26a62b8b4d0145b68b841e62e7f,174,13700.04,6.2299,57.1553
c3acdfac4e3e97ff87529454fbc03642,175,13690.0,6.2657,57.2662
b8bc237ba3788b23da09c0f1f3a3288c,176,13685.71,6.3015,57.3771
a6bd7d1ccdac48c6b33b28596b7eb122,177,13669.11,6.3373,57.4879
3b15288545f8928d3e65a8f949a28291,178,13634.83,6.3731,57.5983
79ebd9a61bac3eaf882805ed4ecfa12a,179,13609.09,6.4089,57.7086
1f9ab4708f3056ede07124aad39a2554,180,13312.93,6.4447,57.8165
aba1721a889e04decc910aa13b768ef4,181,13287.3,6.4805,57.9241
8cc6a0e5738e61a87b03c78b2ba9db4b,182,13272.7,6.5163,58.0316
d94a40fd42351c259927028d163af842,183,13267.8,6.5521,58.1391
34d1ca11b242c0fee2c834ae8d788566,184,13236.43,6.5879,58.2464
2e90cb1677d35cfe24eef47d441b7c87,185,13167.71,6.6237,58.3531
05f51e13da97139648b8125c31e5f51b,186,13100.31,6.6595,58.4592
d05ae8f7a5bd1d2a690a44cd079e4e27,187,13040.0,6.6953,58.5649
669ae81880e08f269a64487cfb287169,188,13018.87,6.7311,58.6703
66922902710d126a0e7d26b0e3805106,189,12996.4,6.7669,58.7756
01fdefa7697d26ad920e9e0346d4bd1b,190,12982.66,6.8027,58.8808
431af27f296bc6519d890aa5a05fdb11,191,12974.6,6.8385,58.9859
039e6ad9dae79614493083e241147386,192,12925.0,6.8743,59.0907
5cf13accae3222c70a9cac40818ae839,193,12895.6,6.9101,59.1952
6039e27294dc75811c0d8a39069f52c0,194,12891.1,6.9459,59.2996
ce248b21cb2adc36282ede306b7660e5,195,12795.25,6.9817,59.4033
ed4acab38528488b65a9a9c603ff024a,196,12759.45,7.0175,59.5066
440dd6ab244315c632130ecfb63827b1,197,12689.4,7.0533,59.6095
a3e9a2c700480d9bb01fba070ba80a0e,198,12685.8,7.0892,59.7122
00fc707aaaad2d31347cf883cd2dfe10,199,12684.9,7.125,59.815
75d34ebb1bd0bd7dde40dd507b8169c3,200,12656.33,7.1608,59.9176
cfb1a033743668a192316f3c6d1d2671,201,12582.04,7.1966,60.0195
b372ee768ed69e46ca8cdbd267aa7a38,202,12575.0,7.2324,60.1214
e24fc9fcd865784fb25705606fe3dfe7,203,12558.0,7.2682,60.2231
1ca7077d890b907f89be8c954a02686a,204,12474.64,7.304,60.3242
a673821011d0cec28146ea42f5ab767f,205,12449.53,7.3398,60.4251
ad97a199236354e53fcd91a5a913e9a2,206,12446.85,7.3756,60.5259
99eaacc9e6046db1c82b163c5f84869f,207,12443.28,7.4114,60.6267
d50d79cb34e38265a8649c383dcffd48,208,12436.44,7.4472,60.7275
6d66611d7c44cc30ce351abc49a68421,209,12427.4,7.483,60.8282
4b9750c8ad28220fe6702d4ecb7c898f,210,12368.25,7.5188,60.9284
2b1a40c1daabc6ca280c4b815c101841,211,12342.6,7.5546,61.0284
6edacfd9f9074789dad6d62ba7950b9c,212,12328.5,7.5904,61.1283
213b25e6f54661939f11710a6fddb871,213,12239.15,7.6262,61.2274
c31eff8334d6b3047ed34bebd4d62c36,214,12191.72,7.662,61.3262
ac3508719a1d8f5b7614b798f70af136,215,12166.44,7.6978,61.4248
66e0557ecc2b4dbea057e93f215f68d8,216,12141.0,7.7336,61.5232
87b740daf17b5d1be335a64164ec6842,217,12099.89,7.7694,61.6212
0b35c634521043bf4b47e21547b99ab5,218,12089.35,7.8052,61.7191
8b8cfc8305aa441e4239358c9f6f2485,219,11892.0,7.841,61.8155
701938c450705b8ae65fc923b70f35c7,220,11879.29,7.8768,61.9117
2e1c9f22be269ef4643f826c9e650a52,221,11773.3,7.9126,62.0071
e8b3a3a38279a82f0e5d006d5e5b7d2c,222,11762.4,7.9484,62.1024
bba3293d6f5d5af2f415e004e8b93ae3,223,11702.1,7.9842,62.1972
7901646fdd36a55f564ffaf2dbccaaf7,224,11643.08,8.0201,62.2916
2138ccb85b11a4ec1e37afbd1c8eda1f,225,11642.73,8.0559,62.3859
48436dade18ac8b2bce089ec2a041202,226,11639.13,8.0917,62.4802
128639473a139ac0f3e5f5ade55873a5,227,11638.55,8.1275,62.5745
e26901d5ab434ce92fd9b5c256820a4e,228,11601.5,8.1633,62.6685
c4d51195486dc781531876a7d00453d8,229,11468.98,8.1991,62.7614
25e6ffe976bd75618accfe16cefcbd0d,230,11464.62,8.2349,62.8543
c8b0e2b0a7095e5d8219575d5e7e1181,231,11457.24,8.2707,62.9471
d1b65fc7debc3361ea86b5f14c68d2e2,232,11413.17,8.3065,63.0396
a7f13822ceb966b076af67121f87b063,233,11406.8,8.3423,63.132
ce7d1888639e6fb06b2749cbfdac1ff7,234,11377.89,8.3781,63.2242
adbc26658d6c7b4b6219f9d934598091,235,11346.8,8.4139,63.3161
610f72e407cdd7caaa2f8167b0163fd8,236,11328.75,8.4497,63.4079
c33847515fa6305ce6feb1e818569f13,237,11267.21,8.4855,63.4992
5d378b73ab7dd6f0418d743e5dcb0bd1,238,11254.0,8.5213,63.5904
1d8dbc4f32378d715c717c1c1fc57bae,239,11205.99,8.5571,63.6812
6cd68b3ed6d59aaa9fece558ad360c0a,240,11188.57,8.5929,63.7718
80e6699fe29150b372a0c8a1ebf7dcc8,241,11079.67,8.6287,63.8616
ccb83a794700270fde70898fe9ff368b,242,11062.0,8.6645,63.9512
9e6229250fedbe05838fef417b74e7fb,243,10973.6,8.7003,64.0402
813348c996469b40f2e028d5429d3495,244,10813.53,8.7361,64.1278
0be8ff43f22e456b4e0371b2245e4d01,245,10776.8,8.7719,64.2151
82e0a475a88cc9595229d8029273f045,246,10748.02,8.8077,64.3022
7ea5bfa6c340f58f8e71fc1f0412b0d6,247,10741.36,8.8435,64.3892
95e03ca3d4146e4011985981aeb959b9,248,10736.66,8.8793,64.4762
530ec6109d11eaaf87999465c6afee01,249,10732.32,8.9151,64.5631
5a8e7d5003a1f221f9e1d6e411de7c23,250,10642.8,8.9509,64.6494
c60b801f2d52c7f7f91de00870882a75,251,10599.5,8.9868,64.7352
72c5da29406b4234927b81855e7b64f6,252,10418.74,9.0226,64.8197
6973a06f484aacf400ece213dbf3d946,253,10418.72,9.0584,64.9041
54965bbe3e4f07ae045b90b0b8541f52,254,10351.7,9.0942,64.9879
ff063b022a9a0aab91bad2c9088760b7,255,10299.5,9.13,65.0714
dd2bdf855a9172734fbc3744021ae9b9,256,10267.2,9.1658,65.1546
09f952a5f58d2285b0372551ae8f9b01,257,10257.5,9.2016,65.2377
0ea22c1cfbdc755f86b9b54b39c16043,258,10168.3,9.2374,65.3201
9d5a9018aee56acb367ba9c3f05d1d6a,259,10119.98,9.2732,65.4021
7b1222c3624aa89b9558b50a2594188c,260,10103.52,9.309,65.4839
cab85505710c7cb9b720bceb52b01cee,261,10086.6,9.3448,65.5656
c864036feaab8c1659f65ea4faebe1da,262,10004.4,9.3806,65.6467
056b4ada5bbc2c50cc7842547dda6b51,263,9978.5,9.4164,65.7275
ea566164622c6b439516ab18062c42cd,264,9945.58,9.4522,65.8081
5882820ef11c4c068eea0677a7a879b4,265,9925.5,9.488,65.8885
0df3984f9dfb3d49ac6366acbd3bbb85,266,9891.49,9.5238,65.9687
f262cbc1c910c83959f849465454ddd3,267,9889.43,9.5596,66.0488
06532f10282704ef4c69168b914b77be,268,9827.95,9.5954,66.1284
5343d0649eca2a983820bfe93fc4d17e,269,9819.02,9.6312,66.208
f3b80352b986ab4d1057a4b724be19d0,270,9815.1,9.667,66.2875
c66dccfb3f109511246da627dd5a2498,271,9770.75,9.7028,66.3667
7202e2ba20579a9bd1acb29e61fe71f6,272,9726.7,9.7386,66.4455
5058e8c1e82653974541e83690655b4a,273,9712.85,9.7744,66.5242
23d7c96d4a1160db1c726b248601b25a,274,9678.64,9.8102,66.6026
c9c7905cffc4ef9ff9f113554423e671,275,9678.24,9.846,66.681
c510bc1718f0f2961eaa42a23330681a,276,9644.85,9.8818,66.7592
1c5e4e49b9079480255b49d50aac1aa9,277,9624.01,9.9177,66.8371
e96498ed8daaa3e9c23f7a62da76591c,278,9619.09,9.9535,66.9151
9d4db00d65d7760644ac0c14edb5fd86,279,9614.03,9.9893,66.993
cf8ab1616079e2793aa29d524df01bb1,280,9594.0,10.0251,67.0707
d6b1ce66b035a475f00c017792ff9769,281,9567.19,10.0609,67.1482
e7df4cd29ab5abab70fb0783ddb53987,282,9538.8,10.0967,67.2255
8d956fec2e4337affcb520f56fd8cbfd,283,9429.41,10.1325,67.3019
a00824eb9093d40e589b940ec45c4eb0,284,9399.97,10.1683,67.378
1c129092bf23f28a5930387c980c0dfc,285,9393.32,10.2041,67.4542
01cf7e3d21494c41fb86034f2e714fa1,286,9369.66,10.2399,67.5301
05feb94f19d094d4b0f9281f0b1d4c99,287,9353.0,10.2757,67.6058
70c27847eca8195c983ed7e798c56743,288,9323.77,10.3115,67.6814
81a1104df0f08b59c68aa5b03cfe398e,289,9320.98,10.3473,67.7569
ef506c96320abeedfb894c34db06f478,290,9251.69,10.3831,67.8319
d71d863e5ef30d94e440c11be17dcd8f,291,9246.9,10.4189,67.9068
ce27a3cc3c8cc1ea79d11e561e9bebb6,292,9224.62,10.4547,67.9815
b499c00f28f4b7069ff6550af8c1348a,293,9217.34,10.4905,68.0562
dd7ddc04e1b6c2c614352b383efe2d36,294,9148.61,10.5263,68.1303
33a6f4b1e7cdc205511e76ba1b6e0186,295,9127.16,10.5621,68.2043
17ca9b9e9b9ef8fdb529001b49ebb50f,296,9115.13,10.5979,68.2781
bd23da7354813347129d751591d1a6e2,297,9104.8,10.6337,68.3519
3db66a856d18a9cba7c9241fc5221c50,298,9098.6,10.6695,68.4256
aaed1309374718fdd995ee4c58c9dfcd,299,9083.75,10.7053,68.4992
6c12e40690c335dbc2f68a4134d30dc1,300,9079.3,10.7411,68.5728
cb8bcce248bb1fb274ba762d8b971456,301,9053.4,10.7769,68.6461
5b8154610ebb21fb90eb587365e673df,302,9048.05,10.8127,68.7194
4e7c18b98d84e05cbae3ff0ff03846c2,303,9038.9,10.8485,68.7927
aafe36600ce604f205b86b5084d3d767,304,9031.8,10.8844,68.8658
8b28d096634035667e8263d57ba3368c,305,9025.3,10.9202,68.939
0db783cfcd3b73998abc6e10e59a102f,306,9007.4,10.956,69.0119
403aa86912527d730337ffcb0fb096ab,307,8959.89,10.9918,69.0845
4830e40640734fc1c52cd21127c341d4,308,8880.65,11.0276,69.1565
fbc14c0cf93505ef89f64665ffa4a7b5,309,8836.86,11.0634,69.2281
ca3bd7cd9f149df75950150d010fe4a2,310,8827.55,11.0992,69.2996
066a6914e1ebf3ea95a216c73a986b91,311,8815.29,11.135,69.371
06df0c10d34e459d9672bc77388742eb,312,8771.0,11.1708,69.4421
af4a0e4cfe1d9c26b6712b1be25a72e5,313,8757.98,11.2066,69.5131
6d803cb79cc31c41c4c789a75933b3c7,314,8711.4,11.2424,69.5836
d03698c2efd04a549382afa6623e27fb,315,8703.92,11.2782,69.6542
3c487ae8f8d7542beff5788e2e0aea83,316,8686.0,11.314,69.7245
a49928bcdf77c55c6d6e05e09a9b4ca5,317,8646.9,11.3498,69.7946
17306570e772e7718c92a562d33f5f1d,318,8640.0,11.3856,69.8646
048c2757535328e0d7dac690ad3c0aae,319,8623.68,11.4214,69.9345
31344c16881c08a8a72c6d2eb29918c1,320,8546.2,11.4572,70.0037
7040e82f899a04d1b434b795a43b4617,321,8527.4,11.493,70.0728
5f2684dab12e59f83bef73ae57724e45,322,8527.37,11.5288,70.1419
6c7d50c24b3ccd2fd83b44d8bb34e073,323,8401.08,11.5646,70.21
624f4ece8da4aafb77699233d480f8ef,324,8380.0,11.6004,70.2778
289cdb325fb7e7f891c38608bf9e0962,325,8315.25,11.6362,70.3452
f27e33c6d29b5138fa9967bcd445b6d5,326,8299.2,11.672,70.4125
259f7b5e6e482c230e5bfaa670b6bb8f,327,8295.34,11.7078,70.4797
054694fa03fe82cec4b7551487331d74,328,8286.1,11.7436,70.5468
7b07b3c7487f0ea825fc6df75abd658b,329,8260.77,11.7794,70.6137
1da3aeb70d7989d1e6d9b0e887f97c23,330,8238.72,11.8153,70.6805
fdb9095204a334cd8872252ffec6f2db,331,8156.0,11.8511,70.7466
93dc87703c046b603023e75222018b45,332,8149.35,11.8869,70.8126
270297ead4c65a6cd2593960d2af6b21,333,8145.4,11.9227,70.8786
784ba75dd9d20200c4caed3d7a77141a,334,8142.33,11.9585,70.9446
8fb791022c1fc8909664f48ab7dc636d,335,8119.95,11.9943,71.0103
6bd69102ab48df500790a8cecfc285c2,336,8070.0,12.0301,71.0757
fffd5413c0700ac820c7069d66d98c89,337,8049.6,12.0659,71.141
b92e3c8f9738272ff7c59e111e108d7c,338,8021.19,12.1017,71.2059
4371b634e0efc0e22b09b52907d9d469,339,8021.0,12.1375,71.2709
6e386f64c84e482f0b9abf960797ee1b,340,7945.5,12.1733,71.3353
562fc2f2c2863ab7e79a9e4388a58a14,341,7914.39,12.2091,71.3994
3078096983cf766a32a06257648502d1,342,7910.84,12.2449,71.4635
cbd996ad3c1b7dc71fd0e5f5df9087e2,343,7910.61,12.2807,71.5276
bbf9ad41dca6603e614efcdad7aab8c4,344,7846.0,12.3165,71.5912
2dee2ce60de9709b1a24083217181a1f,345,7784.5,12.3523,71.6543
fcb5ace8bcc92f75707dc0f01a27d269,346,7744.66,12.3881,71.717
6c177e38df6d3f34182b1f1d427231bf,347,7723.89,12.4239,71.7796
972d0f9cf61b499a4812cf0bfa3ad3c4,348,7692.11,12.4597,71.8419
2089a6d640999f9b9141ac719b2af596,349,7676.02,12.4955,71.9041
52f976b17ea7f2f087f56dcc419328f6,350,7630.0,12.5313,71.9659
3bb548e3cb7f70f28e3f11ee9dce0e59,351,7615.02,12.5671,72.0276
b1fc4f64df5a0e8b6913ab38803c57a9,352,7609.66,12.6029,72.0893
9b013e03b2ab786505a1d3b5c0756754,353,7594.3,12.6387,72.1508
b1a81260566c1bac3114a6d124413f27,354,7585.4,12.6745,72.2123
0432ead42b6c8a0bdf68154add917fdf,355,7574.4,12.7103,72.2736
ebd2d60905fb58271facef5596b620d3,356,7569.11,12.7462,72.335
725c32fa80c2faacc4fc88450d27314e,357,7566.9,12.782,72.3963
e5a3438891c0bfdb9394643f95273d8e,358,7549.96,12.8178,72.4574
058fd0aa2bfdb2274e05e1ae971dabb6,359,7549.9,12.8536,72.5186
8e8a7ce9f2f970dc00e2acf6f6e199f6,360,7547.0,12.8894,72.5797
9596c870880d900012f2e8e6e30d06d7,361,7539.85,12.9252,72.6408
b18dc380845b24038cfc48006478f099,362,7534.07,12.961,72.7019
73a63f72308aa20a46f4b1632018f196,363,7518.9,12.9968,72.7628
5b925e1d006e9476d738aa200751b73b,364,7515.5,13.0326,72.8237
33a17d60c64393351ebf1ef860f4e0f2,365,7503.68,13.0684,72.8845
062ce95fa2ad4dfaedfc79260130565f,366,7479.1,13.1042,72.9451
903037660cf848a717166eb7a06d616e,367,7460.22,13.14,73.0055
42bde9fef835393bb8a8849cb6b7f245,368,7445.0,13.1758,73.0658
7008613ea464bad5cb9b83456e1e6a8f,369,7420.8,13.2116,73.126
d51e0a403fe2e689ece6c73359d96e12,370,7380.0,13.2474,73.1858
0bae85eb84b9fb3bd773911e89288d54,371,7372.17,13.2832,73.2455
a420f60ff1aa9acc80d0e42959f2b313,372,7362.4,13.319,73.3051
f25e239052084705e17a982bc600ab2a,373,7311.0,13.3548,73.3644
7a241947449cc45dbfda4f9d0798d9d0,374,7305.66,13.3906,73.4236
961dff0a659b4561334372337dd897d9,375,7297.0,13.4264,73.4827
b347677812ea483b0f528eaf8cbc09b7,376,7288.99,13.4622,73.5417
4e17c65a516f69d023a2ae78b84f28d6,377,7274.86,13.498,73.6007
6fd52c528dcb38be2eea044946b811f8,378,7248.56,13.5338,73.6594
cee48807215b30a12ca2ca10ffb5f250,379,7192.23,13.5696,73.7177
dbb9b48c841a0e39e21f98e1a6b2ec3e,380,7186.85,13.6054,73.7759
4aba391bc3b88717ce08eb11e44937b2,381,7184.88,13.6412,73.8341
7bac63f6603d382cc8d0832eb6c100a8,382,7173.95,13.677,73.8923
08633c14ef2db992c11f840f04fad4cd,383,7165.2,13.7129,73.9503
d624126b9206f595fb3fbb6ba03b28a8,384,7161.9,13.7487,74.0083
bd0389da23d89b726abf911cccc54596,385,7122.46,13.7845,74.066
b4f8921fcc4ff77b66bea6dda43dcd51,386,7116.23,13.8203,74.1237
f80edd2c5aaa505cc4b0a3b219abf4b8,387,7091.7,13.8561,74.1812
7d456afc660226829370f3173d14520c,388,7084.35,13.8919,74.2386
c26a2be5b53b7db6b276280da212a779,389,7083.0,13.9277,74.2959
54065e9aef7e9e9c2dc23b7594db021a,390,7079.0,13.9635,74.3533
381c83fdca332ea6afd896da20bf6e4a,391,7073.8,13.9993,74.4106
014c0679dd340a0e338872e7ec85666a,392,7058.0,14.0351,74.4678
dd55f1bb788714a40e7954c3be6df745,393,7041.76,14.0709,74.5248
7722b1df1b0e383e000397b2c11e3e19,394,7006.8,14.1067,74.5816
aced59e9b31ef866a94f9e7f29d8d418,395,6992.5,14.1425,74.6383
18a349e75d307f4b4cc646a691ed4216,396,6991.63,14.1783,74.6949
b8630e1121437d41cb08e3c749c2c2e2,397,6959.0,14.2141,74.7513
4bfc7a4a1cf8d4d2121c27422d9e50b5,398,6942.5,14.2499,74.8075
e333046ce6517bd8bb510291d44f0130,399,6936.0,14.2857,74.8637
e0a366315b1b726b6c7832d664c0f530,400,6930.29,14.3215,74.9199
6a51fc556dab5f766ced6fbc860bc613,401,6927.97,14.3573,74.976
5656537e588803a555b8eb41f07a944b,402,6886.9,14.3931,75.0318
86bb7c4b535e49a541baf3266b1c95b1,403,6872.7,14.4289,75.0875
b3b17aab11f273023a5f22ca52e1eb70,404,6850.0,14.4647,75.143
32b8764b4ef628b53608fc34011fcc13,405,6810.0,14.5005,75.1982
febab0275244b9a49a623f0bd613ca2f,406,6798.12,14.5363,75.2533
b2ac621f0d0322434d04a12b078b9369,407,6779.5,14.5721,75.3082
f1fd5ab1181f827ffad998c1a5de7d74,408,6764.99,14.6079,75.363
d98eec89afa3380e14463da2aabaea72,409,6763.59,14.6438,75.4178
54219883e72aad869adfb2a54b7bfa0f,410,6750.0,14.6796,75.4725
e3b4998c7a498169dc7bce44e6bb6277,411,6735.0,14.7154,75.5271
3340ef1913fb70d28420f6ceb685c339,412,6731.15,14.7512,75.5816
455c5640e8c5bd1b2ee85c0158f85727,413,6729.5,14.787,75.6361
80ceebb4ee9b31afb6c6a916a574a1e2,414,6729.0,14.8228,75.6906
abe021b01ba992245271b9aa422032df,415,6720.0,14.8586,75.7451
52d76513f0c4d97f3b99570e2c94ee31,416,6693.21,14.8944,75.7993
db2956745b3a8e9f3785c99f34b5d25e,417,6680.0,14.9302,75.8534
a2e874074c877c5a05abae80ad6e488f,418,6656.0,14.966,75.9074
30829ded4523ab9224b93bc49a62c95f,419,6653.81,15.0018,75.9613
36a968b544695394e4e9d7572688598f,420,6652.83,15.0376,76.0152
8648b1e89e9b349e32d3741b30ec737e,421,6639.05,15.0734,76.069
63b464dbf392c7b80d12d932fa7cafed,422,6622.0,15.1092,76.1226
83e197e95a1bbabc8c75e883ed016c47,423,6574.19,15.145,76.1759
750303a20e9c56b2a6bc45cdce0b897d,424,6572.6,15.1808,76.2291
33c51922b6e3c16b24a8f28e5833c99d,425,6562.59,15.2166,76.2823
b410bdd36d5db7a65dcd42b7ead933b8,426,6533.9,15.2524,76.3352
aac29b1b99776be73c3049939652091d,427,6523.69,15.2882,76.3881
751bdc4d83a466c7206cd42e8f426b03,428,6520.96,15.324,76.4409
ee27a8f15b1dded4d213a468ba4eb391,429,6499.0,15.3598,76.4936
58f1a6197ed863543e0136bdedb3fce2,430,6459.0,15.3956,76.5459
4c03b9dd4c11ee2cb35c96c49efc9420,431,6458.6,15.4314,76.5982
1127b7f2594683f2510f1c2c834a486b,432,6418.08,15.4672,76.6502
376a891762bbdecbc02b4b6adec3fdda,433,6406.23,15.503,76.7022
4b5f66b7adcf57f1ecc0d3c07dd6b177,434,6381.78,15.5388,76.7539
ff4ea69c2a729e83e63c7579e4ef8170,435,6368.0,15.5747,76.8055
1da366cade6d8276e7d8beea7af5d4bf,436,6348.59,15.6105,76.8569
5b67882648febfb6e1225e6ad7164f6b,437,6313.49,15.6463,76.908
31ae0774c17fabd06ff707cc5bde005f,438,6279.86,15.6821,76.9589
397c4d0c005b6f41f90098ac724e28cb,439,6278.0,15.7179,77.0098
bd4889b5e9133b35b66e42a8665cea5c,440,6271.9,15.7537,77.0606
2528744c5ef5d955adc318720a94d2e7,441,6245.0,15.7895,77.1112
eb3071b9f0b0ddaa2df5ea130f09f26b,442,6230.0,15.8253,77.1617
670c26e0f1bf8d0576271d5cfaec6d2b,443,6200.2,15.8611,77.2119
e5e33c0d8e7e002f398f5dc4cbbb338f,444,6166.3,15.8969,77.2619
989becdce12ebc39863c2bceab6f3ca1,445,6164.9,15.9327,77.3118
fa1a9dec3a9940c072684a46728bf1fc,446,6156.5,15.9685,77.3617
679769a98cfcc6da877c8486ff1c13f3,447,6132.0,16.0043,77.4114
57e632711dec9ec14ca7546769483e7e,448,6130.06,16.0401,77.461
11305281b50fff20ae8bb473f8e11876,449,6113.74,16.0759,77.5106
f12ff17ad8bbf01ec5c33b17e506649b,450,6101.0,16.1117,77.56
d6b664fa0667064c6d76394e7848d790,451,6080.0,16.1475,77.6093
bacb1f0ed56ad24198f5810d2b3fe9a5,452,6078.05,16.1833,77.6585
8a32e327fe2c1b3511609d81aaf9f042,453,6071.13,16.2191,77.7077
6f892e20a171e98efe17fdb971ff319b,454,6049.0,16.2549,77.7567
ad781527c93d00d89a11eecd9dcad7c1,455,6039.63,16.2907,77.8057
ade45994b717ccee333492330fbf037b,456,6039.0,16.3265,77.8546
5d0363b33554b373851fc1622e4d5f3c,457,6004.99,16.3623,77.9032
92eb0f42c21942b6552362b9b114707d,458,6004.53,16.3981,77.9519
40d54b51e962dbe09cabbcfd33298dee,459,6001.06,16.4339,78.0005
ececbfcff9804a2d6b40f589df8eef2b,460,6000.67,16.4697,78.0491
b4ffb71f0cb1b1c3d63fad021ecf93e1,461,5993.44,16.5055,78.0977
f4c4daa86e30c7e5a553a8d518ac03a5,462,5984.31,16.5414,78.1462
282f23a9769b2690c5dda22e316f9941,463,5964.68,16.5772,78.1945
bba74270a87732727b5a3b4fd9ac1c39,464,5964.6,16.613,78.2428
37515688008a7a40ac93e3b2e4ab203f,465,5954.1,16.6488,78.2911
8e6cc767478edae941d9bd9eb778d77a,466,5929.35,16.6846,78.3391
516e7738bd8f735ac19a010ee5450d8d,467,5923.89,16.7204,78.3871
9baf5cb77970f539089d09a38bcec5c3,468,5882.69,16.7562,78.4348
f84a00e60c73a49e7e851c9bdca3a5bb,469,5849.24,16.792,78.4822
dfc5fb7259bb2b599ca565e6e9448f0f,470,5819.65,16.8278,78.5293
2fdde51ad3e12f297da656d4fbd5d0b5,471,5803.0,16.8636,78.5763
609e1a9a6c2539919b8205cf7c4e6ff0,472,5787.65,16.8994,78.6232
2c9e548be18521d1c43cde1c582c6de8,473,5784.76,16.9352,78.6701
0bf0150d5b9d60d9cd2906003332f085,474,5774.6,16.971,78.7169
34056b8b55c1775a22af2331670a799c,475,5718.4,17.0068,78.7632
6b243f80ed07b10f0e8aa0f21a205f3c,476,5703.1,17.0426,78.8094
91f848e9f4be368f4318775aac733370,477,5668.61,17.0784,78.8553
dee656f0f566ed1aa85bd137c943f08f,478,5665.2,17.1142,78.9012
640e21a7d01df7614a3b4923e990d40c,479,5659.09,17.15,78.9471
52ac6f920b7280e4c6d30dd94de6259b,480,5657.3,17.1858,78.9929
d63c73efd41eb002280e7ec831424edb,481,5598.0,17.2216,79.0383
6a8b085f816a1f75f92dbac6eb545f8f,482,5594.17,17.2574,79.0836
02d35243ea2e497335cd0f076b45675d,483,5535.0,17.2932,79.1284
04aa0a1c5ce6b222003403a3e11c3cc0,484,5518.0,17.329,79.1732
33dd941c27854f7625b968cc6195a552,485,5510.0,17.3648,79.2178
9616352088dcf83a7c06637f4ebf1c80,486,5505.2,17.4006,79.2624
7dc8c42cc750eeafea6c85712ffee9bf,487,5497.73,17.4364,79.3069
ff1fb4c404b2efe68b03350a8dc24122,488,5486.0,17.4723,79.3514
05d2173d43ea568aa0540eba70d2ca76,489,5483.63,17.5081,79.3958
688756f717c462a206ad854c5027a64a,490,5443.21,17.5439,79.4399
94e93ce877be27a515118dbfd2c2be41,491,5436.58,17.5797,79.484
3f0e48d209018b466fcd3bb4ccfeb520,492,5399.0,17.6155,79.5277
c4af86330efa7a2620772227d2d670c9,493,5396.0,17.6513,79.5714
e2aee0892199b1d92530e371abd825bf,494,5392.77,17.6871,79.6151
240b9776d844d37535668549a396af32,495,5346.83,17.7229,79.6584
817245bcc3badd82bbd222e0366951a6,496,5345.6,17.7587,79.7018
916c9de0b5ad957346eeeb12f332687e,497,5336.5,17.7945,79.745
ba143b05f0110f0dc71ad71b4466ce92,498,5324.76,17.8303,79.7881
8c16d1f32a54d92897cc437244442e1b,499,5295.97,17.8661,79.831
e62b2d6ac10570a035a30bafcf01d263,500,5294.49,17.9019,79.8739
a4b6b9b992b46e9ef863637af96e04bc,501,5293.0,17.9377,79.9168
cc3d14116804f7209f3884f6367f1152,502,5284.8,17.9735,79.9596
e06f09ec0a4aca210779cf1cfc63cf19,503,5279.49,18.0093,80.0024
8476243f92442881ddd5b578975cf115,504,5272.0,18.0451,80.0451
b14db04aa7881970e83ffa9426897925,505,5245.1,18.0809,80.0876
e9c6969d40e6a3d2d0f90013165c2b98,506,5239.98,18.1167,80.1301
5bffbafbb22daf6d3bfc216a46db8708,507,5239.7,18.1525,80.1725
4d0041cdbe51b4617d95c70b19decc74,508,5235.2,18.1883,80.215
26d8a1c7c75d513045798992ead43aa2,509,5220.34,18.2241,80.2572
8a432f4e5b471f8da497d7dc517666e2,510,5191.0,18.2599,80.2993
2a261b5b644fa05f4f2700eb93544f2c,511,5190.0,18.2957,80.3414
dbdd0ec73a4817971d962698f2fea022,512,5187.0,18.3315,80.3834
d9bd94811c3338dceb4181f3dbc0c73e,513,5186.34,18.3673,80.4254
822bad9bc42b51213ba522fe87b7ab5d,514,5160.0,18.4032,80.4672
02ecc2a19303f05e59ce133fd923fff7,515,5144.42,18.439,80.5089
0cbcee27c791afa0cdcb08587a2013a8,516,5054.15,18.4748,80.5498
afe0067131b73e40875c9b6c10bd2e21,517,5040.5,18.5106,80.5907
e0878efa0e0b7e5313ac0b43bc04c081,518,5025.4,18.5464,80.6314
0873d9f8f36123f8d910f4760e788cfb,519,4996.26,18.5822,80.6719
b6d44737c043328708f6749c2dbe50bd,520,4992.9,18.618,80.7123
835f0f7810c76831d6c7d24c7a646d4d,521,4990.2,18.6538,80.7528
83deb69e889cf80f82be1dc6d5f2d486,522,4968.31,18.6896,80.793
0691148aee60ca47977c187804f935ae,523,4964.73,18.7254,80.8332
257e61d3251fb5efb9daadddbc2cf7ca,524,4962.0,18.7612,80.8734
45213867cefbf2cd4c6177e10216a951,525,4955.42,18.797,80.9136
87e24fc7052259b1f7f607d61c10d8be,526,4947.79,18.8328,80.9537
f680f85bee2d253556ac91be391d2c82,527,4924.03,18.8686,80.9936
5670f4db5b62c43d542e1b2d56b0cf7c,528,4914.16,18.9044,81.0334
f181738b150df1f37cb0bd72e705b193,529,4907.8,18.9402,81.0732
503c1de08ae81a2d86f17951b204db55,530,4906.99,18.976,81.1129
e9d99831abad74458942f21e16f33f92,531,4903.49,19.0118,81.1526
23c38debaffe4a25a30fdbd9b586a13f,532,4900.2,19.0476,81.1923
45ba18c210d42734ec52c0c1c574e9ee,533,4899.54,19.0834,81.232
f67efa3f0b6761102a7f8c6b7b571f5d,534,4898.7,19.1192,81.2717
9674754b5a0cb32b638cec001178f799,535,4880.44,19.155,81.3113
0d85bbda9889ce1f7e63778d24f346eb,536,4845.2,19.1908,81.3505
f84fa566034f5e8e880a07ec624c56af,537,4839.17,19.2266,81.3897
4bf2f4ee540798a61f9636d12cd9cc80,538,4835.56,19.2624,81.4289
f6122bc84774df1b372bdb3bb88ddb9f,539,4799.87,19.2982,81.4678
2a7dc43cecabf23403078e2188437d1d,540,4795.91,19.334,81.5067
c35affa65afd250151285c5917fc1c8a,541,4779.92,19.3699,81.5454
1bb2bdb95f4841f1bba2c0d2cd83d3c9,542,4746.06,19.4057,81.5838
30a2f535bb48308f991d0b9ad4a8c4bb,543,4731.3,19.4415,81.6222
3be634553519fb6536a03e1358e9fdc7,544,4708.11,19.4773,81.6603
4917cee8d902e13428c3ec4b1ca6f315,545,4705.9,19.5131,81.6984
0307f7565ff85b299b6e5ef162b1b1a9,546,4695.0,19.5489,81.7365
582d4f8675b945722eda7c0cb61ba4c7,547,4671.97,19.5847,81.7743
c12b92bf1c350f3e6bf88d3596219c86,548,4668.88,19.6205,81.8122
8931a84a914b3fe9b1ddaa4d704947ca,549,4668.3,19.6563,81.85
67bf6941ba2f1fa1d02c375766bc3e53,550,4644.0,19.6921,81.8876
1336efc61c316ddf92c899eb817f7cae,551,4616.31,19.7279,81.925
a3dd39f583bc80bd8c5901c95878921e,552,4607.81,19.7637,81.9623
575df70bde3f9f2b30bf8d2e9910d725,553,4594.15,19.7995,81.9996
dbd66278cbfe1aa1000f90a217ca4695,554,4584.6,19.8353,82.0367
099095b050cfe8eb1ddff5317587e96e,555,4573.85,19.8711,82.0738
5b179e9e8cc7ab6fd113a46ca584da81,556,4554.1,19.9069,82.1107
2addf05f476d0637864454e93ba673d5,557,4552.0,19.9427,82.1476
c68fb906c8f4b4b946d8386bfa6e5467,558,4541.16,19.9785,82.1843
37dd29b36c458d82f74a953c40c43645,559,4536.99,20.0143,82.2211
31da954dc0855f2495c6310f70a2f931,560,4531.0,20.0501,82.2578
13fa2a6c6b9d0f43cb588d7c82117a12,561,4528.0,20.0859,82.2945
c840d3fdbba0790404fdae73d253b253,562,4522.28,20.1217,82.3311
180c3376aff0e43dd5788709df48a843,563,4513.0,20.1575,82.3677
080102cd0a76b09e0dcf55fcacc60e05,564,4509.27,20.1933,82.4042
ce69a8021d18961dd2a40269b7c2c293,565,4508.11,20.2291,82.4408
abcd2cb37d46c2c8fb1bf071c859fc5b,566,4497.32,20.2649,82.4772
a63bfbaa882c8f4542891b4e2246cc7f,567,4486.0,20.3008,82.5136
b4a476fbd28de64b1e347abf9089366a,568,4479.04,20.3366,82.5498
e81e1f9c3e762e620f3fb60a51499e16,569,4465.99,20.3724,82.586
3df020b72d3d44b3af9d110fa3940b65,570,4441.1,20.4082,82.622
e067ad2c1c0b48758eb1b5228bcf7a68,571,4436.4,20.444,82.658
cfa5ab0e4d3fc212fd0b3410e7081c62,572,4430.82,20.4798,82.6938
6061155addc1e54b4cfb51c1c2a32ad8,573,4429.9,20.5156,82.7297
45d33f715e24d15a6ccf5c17b3a23e3c,574,4427.1,20.5514,82.7656
968268a686aa05d1f529fb07dff08130,575,4425.49,20.5872,82.8015
fc906263ca5083d09dce42fe02247800,576,4417.9,20.623,82.8373
fad44952713764836814be105382aee5,577,4409.0,20.6588,82.873
709e16e2b25c7474d980076c6bfc4806,578,4408.8,20.6946,82.9087
f021c962aaba8ef6eb527a9c2c8394d1,579,4398.5,20.7304,82.9443
55d3daac7c404d59e51c2aa2f4dc5a23,580,4390.7,20.7662,82.9799
bbad7e518d7af88a0897397ffdca1979,581,4390.42,20.802,83.0155
9add47bf45ce8e8c7db6b9cf670b1e09,582,4383.74,20.8378,83.051
d379f449f2a3b271bc01c0782020f705,583,4379.56,20.8736,83.0865
0176f73cc1195f367f7b32db1e5b3aa8,584,4363.4,20.9094,83.1218
15aac934c58d886785ac1b17953ea898,585,4353.9,20.9452,83.1571
eed78ac17f7f795a19a709745f00cd4e,586,4349.5,20.981,83.1924
a3f0b55de503387383c7b1de3ad7f678,587,4348.4,21.0168,83.2276
c500367424994318b9e779ff1ae9a330,588,4346.4,21.0526,83.2628
3ade81dab5a172b88e1871c28ae05260,589,4339.6,21.0884,83.298
e8b4225284fbb02d16f200513f1f395d,590,4332.41,21.1242,83.3331
9df5750209b83567ec144eb299d7d634,591,4327.0,21.16,83.3681
ad420dd0c4f92f8af951ac24b86d0cf5,592,4295.3,21.1958,83.4029
282c7480173bb9c01dd41cc739fec010,593,4274.2,21.2317,83.4376
1fdc574883ef3b33ad41562d93f3a74a,594,4251.0,21.2675,83.472
43f8c9950d11ecd03a0304a49e010da6,595,4249.59,21.3033,83.5064
537eb890efff034a88679788b647c564,596,4226.5,21.3391,83.5407
7e3f87d16fb353f408d467e74fbd8014,597,4223.7,21.3749,83.5749
8a130737016f838139d31878787a39c9,598,4222.03,21.4107,83.6091
fcdd820084f17e9982427971e4e9d47f,599,4213.99,21.4465,83.6432
b2479f944e1b90cf8a5de1bbfde284d6,600,4199.64,21.4823,83.6773
02f623a8eb246f3c5f7c2f96462654e6,601,4198.0,21.5181,83.7113
8bb48dc19fccaa8613b6229bf7f452a2,602,4190.72,21.5539,83.7452
4c498c7345e89aebad651544829beca0,603,4189.77,21.5897,83.7792
ef990a83bbea832f36ebe81376335aa8,604,4177.2,21.6255,83.813
0ef83d7d83ed97cd2a0049ac8be5f88a,605,4171.01,21.6613,83.8468
23613d49c3ac2bd302259e55c06c050c,606,4166.3,21.6971,83.8806
6288c69c4ce638e59925e59193f98b16,607,4163.81,21.7329,83.9143
3c03b12bab54d8b37d79d914bfdb1aa0,608,4130.44,21.7687,83.9478
681fce914360217db47784ae28905a96,609,4127.33,21.8045,83.9812
d66c305afaec317ebee552073a674429,610,4126.59,21.8403,84.0146
ea67327e24487bdfac5fbfa37ea124df,611,4104.7,21.8761,84.0479
2a167ca73899c85001a837d8fb4962f6,612,4097.0,21.9119,84.0811
f35b3c613c4f7b2275f4185d0a3c59ec,613,4047.25,21.9477,84.1139
06579cb253ecd5a3a12a9e6eb6bf8f47,614,4026.1,21.9835,84.1465
8f580d36c1e9d6fbce95283403c7d447,615,4017.3,22.0193,84.1791
f7496d659ca9fdaf323c0aae84176632,616,4007.9,22.0551,84.2115
55a5b51f93f2b70ea513f5a047b0262a,617,4002.3,22.0909,84.244
f789d2c4f2c2eb38fc4373e7a4b35264,618,3994.31,22.1267,84.2763
b90e891671cffd9557f33a97dc523645,619,3994.0,22.1625,84.3087
9803a40e82e45418ab7fb84091af5231,620,3989.0,22.1984,84.341
cc63f0dd2acba93ffed4fe9f8e0321fa,621,3977.89,22.2342,84.3732
bede56095ba33c42038fb85f707b8a42,622,3973.9,22.27,84.4054
834f8533b2ecb6598dd004ff3de7203a,623,3966.33,22.3058,84.4376
3c7c4a49ec3c6550809089c6a2ca9370,624,3964.77,22.3416,84.4697
50c9975695009e5e6473912e83a6d1da,625,3964.4,22.3774,84.5018
6ec1a01e866584bb679eb9b098345919,626,3960.66,22.4132,84.5339
ec8879960bd2221d5c32f8e12f7da711,627,3957.5,22.449,84.566
bf3c6d2a28b2b5501e6c15448982dcc9,628,3956.5,22.4848,84.598
98dac6635aee4995d501a3972e047414,629,3945.35,22.5206,84.63
8bd0f31cf0a614c658f6763bd02dea69,630,3929.75,22.5564,84.6618
d20b021d3efdf267a402c402a48ea64b,631,3922.3,22.5922,84.6936
6fc26fe110feebd80a433e1f012a84f9,632,3910.87,22.628,84.7253
6b3bd31ad8fcda4b2635ec9f3ff2ecdf,633,3903.2,22.6638,84.7569
f00e21b1e91a79653163b7fd8f293ff1,634,3900.09,22.6996,84.7885
99002261c568a84cce14d43fcffb43ea,635,3888.0,22.7354,84.82
42fa4ee7240e9b8eb4576358ec142ba7,636,3845.7,22.7712,84.8512
e883aa812c37a7413226856f4579fe91,637,3837.5,22.807,84.8823
8ed8ea9a57c862f2c18c2fe41f601d56,638,3831.9,22.8428,84.9133
d12c926d74ceff0a90a21184466ce161,639,3831.38,22.8786,84.9443
bccf933e006e9b94a6184af782963e77,640,3830.95,22.9144,84.9754
cd6efc47efaabf134f8bdb654e10b4f1,641,3825.57,22.9502,85.0064
11bfa66332777660bd0640ee84d47006,642,3823.99,22.986,85.0374
232a6014e7b10cba61c6c2b2ea6bb4b0,643,3819.97,23.0218,85.0683
3361277dc30b7cccdb0c286b24219756,644,3809.33,23.0576,85.0992
cb41bfbcbda0aea354a834ab222f9a59,645,3792.0,23.0934,85.1299
6a0cbc8af2e8abd1bdfb777943d174c6,646,3788.15,23.1293,85.1606
f76a3b1349b6df1ee875d1f3fa4340f0,647,3772.89,23.1651,85.1912
02f5837340d7eb4f653d676c7256523a,648,3767.06,23.2009,85.2217
f46490624488d3ff7ce78613913a7711,649,3760.19,23.2367,85.2521
7f152321c60a266edc53af1925ef96c1,650,3759.81,23.2725,85.2826
1d0997ff06b524ce9289ffd75114ecd3,651,3747.0,23.3083,85.313
3c4e0452bff7a2a788179488d3d77032,652,3746.4,23.3441,85.3433
13d058e4eeac2ce8217660b2f8a05812,653,3739.78,23.3799,85.3736
d566c37fa119d5e66c4e9052e83ee4ea,654,3717.2,23.4157,85.4037
822166ed1e47908f7cfb49946d03c726,655,3714.83,23.4515,85.4338
520b493b57809f446cb0a233bb3e25c7,656,3698.9,23.4873,85.4638
b19f3ca2ea475913750f25a5c37c8d8f,657,3685.47,23.5231,85.4937
5f5b43b2bffa8656e4bc6efeb13cc649,658,3677.2,23.5589,85.5235
2745f798279e0ed033addcc1474776d7,659,3668.53,23.5947,85.5532
beadbee30901a7f61d031b6b686095ad,660,3661.98,23.6305,85.5829
33ac3e28642ab8bda860a2f693000e78,661,3661.03,23.6663,85.6125
3f995f07c49d0d55a99d5c54957f7d81,662,3660.7,23.7021,85.6422
7d76b645482be4a332374e8223836592,663,3660.66,23.7379,85.6718
8b2492b7ff4468839593fafeed55bad9,664,3660.08,23.7737,85.7015
7f2617c58d5d06806987308b45654351,665,3656.8,23.8095,85.7311
6bb0724edf0b62fb91ac404873a97241,666,3653.0,23.8453,85.7607
715bbd5ba4e6b74cb0d2f29eb45058b0,667,3643.7,23.8811,85.7902
1eade46fba20122dc4aefb379f8c636b,668,3635.37,23.9169,85.8197
0509040ea3fe50071181bbc359eb7738,669,3634.45,23.9527,85.8491
891071be6ba827b591264c90c2ae8a63,670,3633.38,23.9885,85.8786
e49c26c3edfa46d227d5121a6b6e4d37,671,3624.35,24.0243,85.9079
2199e7fe213c16213bf5d6a7eadc9a5d,672,3615.29,24.0602,85.9372
38e679b9e0064cd94c6f035707344dae,673,3599.25,24.096,85.9664
edf96ef93ed595084bbcbd9224bd2894,674,3597.0,24.1318,85.9955
14d7985702e72162bbf13b6beb74ab2b,675,3595.0,24.1676,86.0247
3364a91ec4d56c98e44174de954b94f6,676,3579.94,24.2034,86.0537
f2336e113377dd21c744d9c4fc8293a9,677,3563.0,24.2392,86.0825
c0563dd588b775f2e37747ef6ad6c92c,678,3557.3,24.275,86.1114
8f119a0aee85c0c8fc534629734e94fd,679,3553.89,24.3108,86.1402
585175ec331ea177fa47199e39a6170a,680,3549.0,24.3466,86.1689
b39d7fe263ef469605dbb32608aee0af,681,3546.1,24.3824,86.1976
a0415d9b25ede3c4b1e477e9916ffc03,682,3544.2,24.4182,86.2264
42b729f859728f5079499127a9c2ef37,683,3543.6,24.454,86.2551
f3da5b2ff499efb8d4a6d371d175d7dd,684,3540.89,24.4898,86.2838
b561927807645834b59ef0d16ba55a24,685,3532.7,24.5256,86.3124
96804ea39d96eb908e7c3afdb671bb9e,686,3530.75,24.5614,86.341
6750d71153f00fc58829af2a8ef1bcf1,687,3514.0,24.5972,86.3695
79ed755314cfe6df0daef2c6cd3022cd,688,3507.8,24.633,86.3979
1b938a7ec6ac5061a66a3766e0e75f90,689,3490.2,24.6688,86.4262
4559697a8f7e637227c2eeaed843baff,690,3486.3,24.7046,86.4544
2ff97219cb8622eaf3cd89b7d9c09824,691,3485.9,24.7404,86.4826
3ab971ce71839580d2ae5b4e40fe8044,692,3483.4,24.7762,86.5109
c731d18cea9bf687ffee82a241c25b11,693,3483.0,24.812,86.5391
e7d5b006eb624f13074497221eb37807,694,3478.93,24.8478,86.5673
71039d19d4303bf9054d69e9a9236699,695,3477.5,24.8836,86.5954
8ff38bc3969e67c36c48343a07090f66,696,3472.0,24.9194,86.6236
67883baaae6134ee81b271a542613728,697,3463.0,24.9552,86.6516
23a0ffca143a15b9b5bbdb7d552f626a,698,3458.53,24.991,86.6797
56642bcb79900e777d68e91915cb4267,699,3454.64,25.0269,86.7076
602044f2c16190c2c6e45eb35c2e21cb,700,3442.19,25.0627,86.7355
c9a06ece156bb057372c68718ec8909b,701,3420.0,25.0985,86.7632
406822777a0b9eb5c50e442dd4cd3ec5,702,3413.29,25.1343,86.7909
99a54764c341d5dc80b4a8fac4eba3fb,703,3406.26,25.1701,86.8185
ec80e49e69745ab6c14f984bf2149423,704,3398.0,25.2059,86.846
eb4df17aed01d918c65f0f8d650900c0,705,3380.89,25.2417,86.8734
827f8f69dfa529c561901c4f2e0f332f,706,3380.49,25.2775,86.9008
276677b5d08786d5dce7c2149dcce48b,707,3372.3,25.3133,86.9281
1a932caad4f9d804097d7f8e615baed1,708,3372.0,25.3491,86.9555
1b8356dabde1d35e17cef975c3f82730,709,3366.4,25.3849,86.9827
b1fecf4da1fa2689bccffa0121953643,710,3357.84,25.4207,87.0099
d673a59aac7a70d8b01e6902bf090a11,711,3347.33,25.4565,87.0371
df560393f3a51e74553ab94004ba5c87,712,3335.88,25.4923,87.0641
cac4c8e7b1ca6252d8f20b2fc1a2e4af,713,3333.29,25.5281,87.0911
f4db9b37944bcb8873e6b456ee190bbf,714,3329.79,25.5639,87.1181
6481e96574816ead57975da2c0f6d80d,715,3324.9,25.5997,87.145
a44fb5a447105f8469bdf16bf9159f25,716,3317.2,25.6355,87.1719
994f04b3718c2bab35c2adfa8afecd2a,717,3289.8,25.6713,87.1985
db4350fd57ae30082dec7acbaacc17f9,718,3281.33,25.7071,87.2251
5b51032eddd242adc84c38acab88f23d,719,3280.0,25.7429,87.2517
5d3bb11474a06bdc23fb9e89f1164ee0,720,3267.2,25.7787,87.2782
52562a9f449c3dc3d53f5f5b9ed74903,721,3266.6,25.8145,87.3046
f0b47fbbc6dee9aafe415a6e33051b3f,722,3238.95,25.8503,87.3309
951e8cef368f09bb3f3d03c00ca4702c,723,3237.47,25.8861,87.3571
e70053bf73d1b5863932e53a9fa47496,724,3236.0,25.9219,87.3833
fde0cc9ea29c8ccfc0a2c22256a58c71,725,3233.0,25.9578,87.4095
f0837c8d71434931d9e38e7b79234797,726,3232.9,25.9936,87.4357
2e13c71026e1a39ba5cc1b86dcb679aa,727,3231.0,26.0294,87.4619
c64a2aec32cc408a8a4c6d7c46017f91,728,3221.5,26.0652,87.488
382229d1e840115ffe3dbf5ff460e417,729,3220.4,26.101,87.5141
e48b04bf1aa1ef711caebeb7aede6180,730,3187.1,26.1368,87.5399
6b333a05bf188ef3e1f1662a86bd9855,731,3179.93,26.1726,87.5657
dfa0c4c6229ab200a4a1336b4d7128ff,732,3155.7,26.2084,87.5912
d5ba419e26d246a0719437cf37d9b46d,733,3153.5,26.2442,87.6168
c8b3445d737de6befde0c88ede534a5e,734,3149.04,26.28,87.6423
3cfa1358a6caa965278721344c8d76f2,735,3140.28,26.3158,87.6677
c394e193cda3b4225ff2094d32184849,736,3134.89,26.3516,87.6931
54c04bdb5ec46762f8f08c7e8f86ed4a,737,3132.86,26.3874,87.7185
b17b679f4f5ce2e03ce6968c62648246,738,3124.47,26.4232,87.7438
e89c4adbe7b1d0819dbb636e16461cf1,739,3111.4,26.459,87.769
21e83881401b92b49fb09a16d3852291,740,3109.06,26.4948,87.7942
5b35136197710e16ac5e7b7c2bd4ea85,741,3104.2,26.5306,87.8194
08cdbae123ff67ca4e36d9d641ce0119,742,3098.99,26.5664,87.8445
77e4abfd739aed9c46480f90f81c0eb4,743,3098.0,26.6022,87.8696
4677a5437afda5fa7140b927b07be1cc,744,3095.8,26.638,87.8947
070d165398b553f3b4b851c216b8a358,745,3093.21,26.6738,87.9197
38874e327ce94d11390b96eb42d61928,746,3089.95,26.7096,87.9448
8090490573c6c0aa343a7231ebcb8c86,747,3074.8,26.7454,87.9697
aae3bfea055532c57fb453ed3ec80b30,748,3057.92,26.7812,87.9945
66dc1b1632bd6a3e508510c5b3492107,749,3054.19,26.817,88.0192
d9e8c084b68fe958861d8f2c21202e6b,750,3050.0,26.8528,88.0439
0ebd97a106433a45a4aebe57c1799778,751,3046.8,26.8887,88.0686
4c8545742faaf58fafd5fd14d25d75cf,752,3020.0,26.9245,88.0931
3bdff180c7e1f6551a643b99c265a120,753,3008.2,26.9603,88.1174
d57e18d5f73c7ccb7f7339b61166898d,754,2994.0,26.9961,88.1417
0c7533c71df861ec58ad7ff999ed0e8d,755,2989.3,27.0319,88.1659
fce62094ffe6a4009188ec44e681dfdd,756,2969.7,27.0677,88.19
f326006815956455b2859abd58fe7e39,757,2967.46,27.1035,88.214
9646c3513289980f17226a2fc4720dbd,758,2964.4,27.1393,88.238
d17f467e4bf608a510c20d82f4ba3b6b,759,2963.78,27.1751,88.2621
b1ac6ea7895bc3dd6f0f6f4abbdd2821,760,2962.0,27.2109,88.2861
3d8fa2f5b647373c8620330c4e077a9f,761,2955.8,27.2467,88.31
4da0e408c99d2fdc2126dc9fce518060,762,2953.1,27.2825,88.3339
e908c0f3646e8b60375734a350d95d71,763,2951.0,27.3183,88.3578
dd58ee93286b0821565574c570e9e1dc,764,2948.0,27.3541,88.3817
65febd49fd28ec955651299159b1f527,765,2944.75,27.3899,88.4056
643214e62b870443ccbe55ab29a4dccf,766,2926.43,27.4257,88.4293
870d0118f7a9d85960f29ad89d5d989a,767,2914.31,27.4615,88.4529
a938325a4b357fd23a6a4d5bb126408e,768,2913.0,27.4973,88.4765
f4aba7c0bca51484c30ab7bdc34bcdd1,769,2912.2,27.5331,88.5001
2156f2671501a81034d7d07f217609d0,770,2909.5,27.5689,88.5237
8b9d6eec4a7eb7d0f9d579ce0b38324d,771,2907.66,27.6047,88.5472
512d298ac2a96d1931b6bd30aa21f61d,772,2907.27,27.6405,88.5708
d3dcf0604eabf0224fbd5948b5e02f69,773,2902.3,27.6763,88.5943
238fac594e170b59c6d228f5a4f4f1d9,774,2902.0,27.7121,88.6178
2d50d6282f8aa2257819a77bfaa0efe0,775,2900.78,27.7479,88.6413
1987cd4be10fe09ee50454f9c354d1c6,776,2877.7,27.7837,88.6646
8cbac7e12637ed9cffa18c7875207478,777,2875.34,27.8195,88.6879
49e7217cfe4e427191c378ec626d8737,778,2868.8,27.8554,88.7112
95f83f51203c626648c875dd41874c7f,779,2847.89,27.8912,88.7343
a6fe7de3d16f6149ffe280349a8535a0,780,2844.9,27.927,88.7573
fec6275253471ace26d209bbaa64cd0f,781,2840.0,27.9628,88.7803
1771297ac436903d1dd6b0e9279aa505,782,2833.22,27.9986,88.8033
5bc55dbe2f12b6af6d83ed46023e0dc8,783,2832.2,28.0344,88.8262
d32e3909cfb714fb2a6cb092c85b9c5f,784,2827.9,28.0702,88.8491
5f1dc28029d2c244352a68107ec2b542,785,2807.3,28.106,88.8719
820cc752a266cdc6c1a1e61dd4583330,786,2802.8,28.1418,88.8946
df56d7b40d437f88407c5f78b63bc328,787,2791.28,28.1776,88.9172
cb3dd9ce66268c7a3ca7241ac70ab58c,788,2788.32,28.2134,88.9398
c4f7fee5b0db50e87766f5a4d1b1b758,789,2762.03,28.2492,88.9622
bb7a14e229b1c95156719c3d9552eeee,790,2760.2,28.285,88.9845
a1474fd46fd3430168f7ec202da39408,791,2752.5,28.3208,89.0068
1444c08e64d55fb3c25f0f09c07ffcf2,792,2749.0,28.3566,89.0291
3fd1e727ba94cfe122d165e176ce7967,793,2747.4,28.3924,89.0514
f805b96fa705ba7995a221f1749dc141,794,2744.44,28.4282,89.0736
60562ab00b8054280520d390c8c0045c,795,2744.0,28.464,89.0958
f44b6f775a2b390380e0e30b5c9d3eee,796,2742.0,28.4998,89.118
20d83f3ef0e6925fd74bfd59170babf7,797,2733.9,28.5356,89.1402
bce6a5ecf98e99fd2a8868b15c51f04b,798,2721.9,28.5714,89.1622
33576ec5412fb5905d876f12f33bfde6,799,2718.0,28.6072,89.1843
458d868c9642f55f18f04e951a3fdde6,800,2718.0,28.643,89.2063
1838dd9b8977065acf51d95e0053ea7a,801,2710.6,28.6788,89.2283
fe26f3ecb51a15e6d8335cd92da42562,802,2708.96,28.7146,89.2502
d93844a9c55ba7ce353388bcf849ea56,803,2708.5,28.7504,89.2721
5c030029b5916fed0986310385ec9009,804,2706.0,28.7863,89.2941
51702dc2a3e106c76dbff722b5bf0726,805,2705.1,28.8221,89.316
bd697db56ff8e7c9cd1abeb7f72029b2,806,2699.81,28.8579,89.3379
0015a82c2db000af6aaaf3ae2ecb0532,807,2685.0,28.8937,89.3596
f97e2b0650c2068227e1d366140eb62f,808,2684.0,28.9295,89.3814
432c37c9dfba871172ec162e20118b8c,809,2679.87,28.9653,89.4031
a17f621c590ea0fab3d5d883e1630ec6,810,2677.92,29.0011,89.4248
5cbbd5a299cab112b7bf23862255e43e,811,2676.46,29.0369,89.4465
d93919c944be9cff128f6c9cb899eacb,812,2666.7,29.0727,89.4681
3f3486b61f45078d4f31ee5e43d8c5bb,813,2659.98,29.1085,89.4896
9c068d10aca38e85c50202e17b4a7e88,814,2658.9,29.1443,89.5112
2a1348e9addc1af5aaa619b1a3679d6b,815,2653.5,29.1801,89.5327
4c18691b6037662be2df78a765d98ab5,816,2644.52,29.2159,89.5541
ed4311e67debd72b8610a5347a743087,817,2642.0,29.2517,89.5755
8d79c8a04e42d722a75097ce5cbcf2ef,818,2627.82,29.2875,89.5968
b8555308bfdb4ca1ed54325a58da9a97,819,2622.6,29.3233,89.618
bc302730ea8cf49b5c74f579febb5bbf,820,2618.91,29.3591,89.6392
5bc24d989e71e93c33e50a7782431b0e,821,2598.2,29.3949,89.6603
e99e927c81e3f51739c94fcdfca9f10f,822,2597.85,29.4307,89.6813
a369d693961cb93b61ca2cc518872a85,823,2597.0,29.4665,89.7024
1b7e5006cb25dd23ce8686691013b121,824,2590.75,29.5023,89.7234
fdaaf5bfda82b7b80535610c831b8d09,825,2588.9,29.5381,89.7444
f593898ec748b7a8cb81fc04edafd98a,826,2588.04,29.5739,89.7653
244c2f1bff6afe1f2eaf9bfe9b2aed38,827,2580.0,29.6097,89.7862
6860153b69cc696d5dcfe1cdaaafcf62,828,2576.18,29.6455,89.8071
2c4c47cb51acd5ea5db5e0ae0e26542a,829,2575.9,29.6813,89.828
41ab63a91b8b264e8c8780368bf1dd5b,830,2571.95,29.7172,89.8488
cc5a78bbad32776dc4e3af205218368c,831,2565.65,29.753,89.8696
8ab42aa58097fd4668d60cc648225d5f,832,2560.85,29.7888,89.8903
5c6d4016c2a288f074fa0848a2b653d2,833,2557.4,29.8246,89.9111
8f54d64f28a993550aa7943f12572959,834,2556.6,29.8604,89.9318
bb5bd94c8f59cc050072d2930c869cac,835,2543.87,29.8962,89.9524
ccf8813e5a7d6c84d865cd38bfc2b130,836,2535.6,29.932,89.9729
4d600e08ecbe08258c79e536c5a42fee,837,2534.0,29.9678,89.9935
430315b7bb4b6e4b3c978f9dfa9b0558,838,2515.4,30.0036,90.0138
730937bf88cb151eb2eb849f642fc213,839,2512.5,30.0394,90.0342
cd06602b43d8800bd0afad514919d35c,840,2511.71,30.0752,90.0545
3d39fbf22a665714baf62fae36029e23,841,2504.2,30.111,90.0748
a2b5b6105ea5942300631d2e76f4ffe0,842,2500.29,30.1468,90.0951
aeb36d67f1414f234d42a29e27cf1f17,843,2498.8,30.1826,90.1153
218f991754f360af9c2daa5e0b8e990c,844,2484.82,30.2184,90.1355
3b872fd4747f01cc56206f2934198618,845,2483.77,30.2542,90.1556
6989574bd97d9773f10d232b6c07da59,846,2478.4,30.29,90.1757
fe49ee029e61e789a1f3a5525f57ba8d,847,2473.69,30.3258,90.1957
2e3be8a987a30d7544dbbda6861cc14e,848,2472.86,30.3616,90.2158
5eeb9c756d9780b96283e5a2ac6da334,849,2471.0,30.3974,90.2358
f1b93673502375d491780bb49d615dbc,850,2461.03,30.4332,90.2557
9906e7aa42a3c067b7c9a564d01c4320,851,2448.7,30.469,90.2756
1ce3ae5a399804d1a87e706f8a813c3e,852,2443.3,30.5048,90.2953
cce6ab8d1682639fe45ab70234f1665f,853,2442.7,30.5406,90.3151
977f9f63dd360c2a32ece2f93ad6d306,854,2440.09,30.5764,90.3349
f61c63d13f7cd800549d5acdd390ae72,855,2434.4,30.6122,90.3546
a08692680c77d30a0b4280da5df01c5a,856,2433.0,30.648,90.3743
3c010235b7345c92f125d14ee232a76b,857,2428.0,30.6839,90.394
974cf2cb8f4b7add98709c30df02fe10,858,2404.73,30.7197,90.4135
76833248bbc0e65a0293ec62023e4396,859,2399.98,30.7555,90.4329
318f287a62ab7ac10b703ac37435a231,860,2393.48,30.7913,90.4523
271c58a1d139c45eaf3316107c6d3a3b,861,2389.26,30.8271,90.4717
cfd7ddab722b902f7ac5b5f3ba6d723d,862,2389.03,30.8629,90.4911
d3f39f05462b79a4562d35893a28f159,863,2363.4,30.8987,90.5102
b335c59ab742f751a85db9c411a86739,864,2360.31,30.9345,90.5293
5160d23075764e18e07c1f4a87fad743,865,2359.0,30.9703,90.5484
8603f0038fe0e52fedd3382d266723de,866,2355.0,31.0061,90.5675
6b90f847357d8981edd79a1eb1bf0acb,867,2354.5,31.0419,90.5866
960945e1a9535cbc0cd6ddd35fbe7ae8,868,2354.05,31.0777,90.6057
ede0c03645598cdfc63ca8237acbe73d,869,2352.15,31.1135,90.6247
3504c0cb71d7fa48d967e0e4c94d59d9,870,2349.94,31.1493,90.6438
4391ea5c5990502176a1dcda44a2373d,871,2349.0,31.1851,90.6628
4978a02ea9c8be7a9b5480680f40334e,872,2338.62,31.2209,90.6817
6fa9202c10491e472dffd59a3e82b2a3,873,2338.08,31.2567,90.7007
efcd8d2104f1a05d028af7bad20d974b,874,2334.79,31.2925,90.7196
0bb738e4d789e63e2267697c42d35a2d,875,2308.4,31.3283,90.7383
5a93f3ab0ef4c84ed5e1b5dbf23978bc,876,2299.28,31.3641,90.7569
cea729054f157f5870bdd321a958d994,877,2299.2,31.3999,90.7756
f1c1ac3f3efc07e659c035008e615e66,878,2294.96,31.4357,90.7942
de0c78824586e9a5f5f04fd84e25df39,879,2287.4,31.4715,90.8127
afa6714acee029b2dfdf357e5579cc03,880,2272.87,31.5073,90.8311
b76dba6c951ab00dc4edf0a1aa88037e,881,2260.42,31.5431,90.8494
d06d019f72a04e5497a0b64190af170c,882,2257.94,31.5789,90.8677
8fe8786ee000001ab51d030dfd4a7bf1,883,2255.0,31.6148,90.886
6338ea67c41078a46ad99cc009654956,884,2249.19,31.6506,90.9042
655220df33262c7e0c4949a147366f94,885,2245.0,31.6864,90.9224
dd533b429f380718b70ad9922c294bae,886,2244.88,31.7222,90.9406
7b8e8ec35bad4b0ef7e3963650b0a87b,887,2244.28,31.758,90.9588
2d2c62bef4c8ba0dd74e0e228e808539,888,2242.0,31.7938,90.9769
5abb8ea023c77787f2c15da891c8d384,889,2241.0,31.8296,90.9951
e5f9e61ceb5f523cc966e0f34095032f,890,2238.0,31.8654,91.0132
d25aa0aaacb370e912f8cf6efeba38b3,891,2232.11,31.9012,91.0313
cac876b37d3abcd6bd76caca30277996,892,2229.77,31.937,91.0494
120476eb7a04c149d14772edaf5d9bf2,893,2228.9,31.9728,91.0674
31561f325664a8a7aba4c8d0c3a9b3db,894,2226.73,32.0086,91.0855
b83cedfb587e7911540e3f576d6917ce,895,2224.95,32.0444,91.1035
323ce52b5b81df2cd804b017b7f09aa7,896,2224.4,32.0802,91.1215
9a84ba99f5367fdbd4598363496f1ea2,897,2223.38,32.116,91.1395
747e73c01a4593d4cf60dcf970fd2689,898,2217.99,32.1518,91.1575
78744a20ee2f80ba64f6804c25def2b8,899,2216.0,32.1876,91.1755
606ce7768feac12c5e8bd58db8b08f0f,900,2196.7,32.2234,91.1933
04aba03279157f6d4e0fe8ccaf21963c,901,2196.0,32.2592,91.2111
91f0eec23d4a61d7d7caeefa3f0ad1ca,902,2190.8,32.295,91.2288
1b1ae47a313a825a7ccceb8e2e30fa9d,903,2184.0,32.3308,91.2465
850913d59ce317156b00f3705f1c3edb,904,2183.0,32.3666,91.2642
2be17df1c49978426251562096c3cc09,905,2165.0,32.4024,91.2817
0ffa40d54288e4f3499b8780dd0f144f,906,2162.8,32.4382,91.2992
e5475dcab1e07b63d7f6e902d8f5eda8,907,2157.0,32.474,91.3167
6bbcb8924baf70b7fe2fe2097e8cd407,908,2151.3,32.5098,91.3342
373ee4a3a775a733770ca3f790b8b9ac,909,2141.49,32.5456,91.3515
87d30a6a0cbf89356e49324971ab1d24,910,2134.13,32.5815,91.3688
9bcdfa7b615b3abb9461d9e3ad9886ae,911,2126.07,32.6173,91.386
3a734b715d333a2588a3d54a0c9b8746,912,2121.52,32.6531,91.4032
f125f3a310c2e5f822d116147de1e474,913,2117.1,32.6889,91.4204
b74d1c09cb380e1d03a6f859c6f4224b,914,2114.62,32.7247,91.4375
8f78f0903005064036736c7173a5c2ed,915,2113.7,32.7605,91.4546
82bd0703a4aefd6b599e5bfdaed378fb,916,2104.79,32.7963,91.4717
47efca563408aae19bb7206c2d969ea9,917,2098.0,32.8321,91.4887
7238a95bb63ef7e498389fb863b834a1,918,2097.8,32.8679,91.5057
acce39e832338debb07b02385cde5967,919,2095.6,32.9037,91.5226
f7ccf836d21b2fb1de37564105216cc1,920,2081.4,32.9395,91.5395
4992e76a42cb3aad7a7047e0d3d7e729,921,2073.8,32.9753,91.5563
f615fe7efbef0f4f08fd3086bc7a3e60,922,2061.37,33.0111,91.573
4e8dacf3d38f281ae26c3e0321d92d88,923,2055.46,33.0469,91.5897
be9a160a9011f627c3e121d076c1ec7b,924,2055.0,33.0827,91.6063
594f9aaa48e5bf431f011ddc5669b0d5,925,2053.2,33.1185,91.623
62c50c1af4dfdc4149d25c5222043d39,926,2045.85,33.1543,91.6395
bc2ac6b95e1accce9858528ee566c17e,927,2045.0,33.1901,91.6561
c6381d2d013342748761e906d45aff76,928,2042.98,33.2259,91.6727
f214d28e8d8e3ef068748498ccc2f813,929,2037.47,33.2617,91.6892
78c99c6dff4eeae5be99bf635ed21e3f,930,2030.88,33.2975,91.7056
71592660bbcb6a4664e97b6f8b68babc,931,2027.18,33.3333,91.722
1354d51653f645349064725ed204e85e,932,2020.0,33.3691,91.7384
7fc87cc3e89b3d1d5cabdca32f8485aa,933,2014.0,33.4049,91.7547
1782ce2db72c3dda627d5e7c898104e1,934,2010.8,33.4407,91.771
3a1a1fec38dd360f15fc912e821e169d,935,2007.38,33.4765,91.7873
ffdd9f82b9a447f6f8d4b91554cc7dd3,936,2001.6,33.5124,91.8035
8ec76bb0965af3f007692b26fa9d6623,937,1999.0,33.5482,91.8197
6b536a23086fba0d58c08d68814397f6,938,1996.8,33.584,91.8359
bf100ecb7997df312b285358fb32f92c,939,1991.9,33.6198,91.852
f5f2ab9bdb6b30c14c61be68c5ed37da,940,1990.79,33.6556,91.8681
0ed6ce5d87fd9c69eaacaeb778d67235,941,1989.63,33.6914,91.8843
ffa6adafb71b807dc13159e26431354c,942,1986.0,33.7272,91.9003
9449f25aeaf531019b76999ea49a6949,943,1979.55,33.763,91.9164
8ca1551acf9832a4cf467bbbac15851f,944,1978.9,33.7988,91.9324
13074f016982ff2bd6c58ced8682f000,945,1977.0,33.8346,91.9484
f7720c4fa8e3aba4546301ab80ea1f1b,946,1971.85,33.8704,91.9644
91f5779a8731baca4809fdeade81803f,947,1971.46,33.9062,91.9804
412a4720f3e9431b4afa1476a1acddbe,948,1971.1,33.942,91.9964
0725b8c0f3f906e58f70cbe76b7c748c,949,1966.76,33.9778,92.0123
6aa3928696eab49a19a466e665a649fd,950,1966.0,34.0136,92.0282
ae7ab174effdead6c241e547e4ca13f0,951,1962.8,34.0494,92.0441
77a515caa36327151d1cc6c32a9f00e1,952,1959.0,34.0852,92.06
fb89df7f89fd1b8f03fa2acca1ba7364,953,1955.0,34.121,92.0758
cf2384dd2f1dddea3f838efed0945e65,954,1942.5,34.1568,92.0916
e38db885400cd35c71dfd162f2c1dbcf,955,1937.0,34.1926,92.1073
116ccb1a1604bc88e4d234a8c23f33de,956,1930.89,34.2284,92.1229
b56906f7fd1696e043f1bcce164c487b,957,1930.19,34.2642,92.1386
34f563c82a85b99ae9e6d60db5fc2e28,958,1926.5,34.3,92.1542
e9511df20ccd82658a30c37b7fb343af,959,1920.0,34.3358,92.1697
bf84056e679dbe9c69929847a40e338f,960,1918.08,34.3716,92.1853
901b460cdce0c64e471230d7f2f9f3a3,961,1904.0,34.4074,92.2007
f41ce2e25237f9092cd8e6e7516c7a2f,962,1903.9,34.4433,92.2161
6df688df543f90e9b38f4319e75a9d88,963,1891.76,34.4791,92.2314
72bc2cce903c872fe376a8faaa81d237,964,1890.4,34.5149,92.2468
65b081a070633e057c462abdd6fb9dd8,965,1885.09,34.5507,92.262
cfe94489ddd337d1e29e12f2a7205d10,966,1881.0,34.5865,92.2773
abbf6046bbdf1028606a5bc7f00c99e7,967,1867.25,34.6223,92.2924
4e5725ba188db8252977a4f0227bd462,968,1865.09,34.6581,92.3075
157c3e4b42f81ac4a44e8b1ca2fe9876,969,1865.0,34.6939,92.3226
3e8bd881d92466e63ba9e3e809cd3c50,970,1862.38,34.7297,92.3377
8c3b533c63cca56240f94f1e3a6b18ef,971,1849.5,34.7655,92.3527
30c7f28fd3a5897b2c82d152bb760c17,972,1849.38,34.8013,92.3677
5b33b527da3c5b969cc99dc435cad09a,973,1848.79,34.8371,92.3827
a4bd6e9adf39b63f43dc545d3ca1f53d,974,1848.59,34.8729,92.3976
74bafed391319577bce6f4d2acc0589a,975,1847.0,34.9087,92.4126
272f092de69afedd4d2969440b37f18f,976,1846.33,34.9445,92.4276
3a4127e1ba7208ea37044c5092aae170,977,1842.7,34.9803,92.4425
5debea795b07621e1f90532e18f96145,978,1841.78,35.0161,92.4574
ffeee66ac5d5a62fe688b9d26f83f534,979,1839.86,35.0519,92.4723
14a08204d03bb6b6bde8029f801ae0eb,980,1836.0,35.0877,92.4872
93b9a99027bd8bd6af682aff18dd19bf,981,1836.0,35.1235,92.5021
1996942dc085d7773ba77a529b163cd0,982,1818.74,35.1593,92.5168
55bb6fe5bebe5012e2d7d9928e1128ff,983,1816.55,35.1951,92.5315
0885aaf116795758dfeb5f1032487bcd,984,1814.0,35.2309,92.5462
c8467937e403e76a8ee9f0ab13f6f5ef,985,1810.89,35.2667,92.5609
e8f6dc8e6a1dcde89d20e3995c8d90b3,986,1807.24,35.3025,92.5755
7fdb0720c8d7c9075538b365dc8c3a22,987,1804.0,35.3383,92.5901
2ff6b7bff164ef05590a52734e1296da,988,1803.59,35.3741,92.6048
15fa791d5e017f66402dc28c44480657,989,1802.0,35.41,92.6194
53d00c40e32aeb924a84ce72b1af869d,990,1796.85,35.4458,92.6339
1976a05ecf2996d6ffb7b5430e635fe7,991,1796.2,35.4816,92.6485
406740ee611378a662d274c7d8c43c4a,992,1790.0,35.5174,92.663
fa3a0b5aabb344b9a92e3524b0202123,993,1789.0,35.5532,92.6775
8bdd8e3fd58bafa48af76b2c5fd71974,994,1785.84,35.589,92.6919
293dee954235e4e4e43f129313625ebe,995,1778.92,35.6248,92.7063
1d4587203296c8f4ad134dc286fa6db0,996,1778.4,35.6606,92.7208
07bf9669d84d1f11be443a9dd938f698,997,1776.0,35.6964,92.7351
d5b9a084373da994a6e37f732169a853,998,1769.0,35.7322,92.7495
4305fe92735c8a43d154ff6dd2b8d927,999,1766.7,35.768,92.7638
fd386aa7bed2af3c7035c65506c9b4a3,1000,1760.47,35.8038,92.7781
d97df38225e5abadaff1e72cb72b823c,1001,1752.0,35.8396,92.7923
f63d8f293af3a6454377546bd9dd19ff,1002,1751.82,35.8754,92.8064
17908cf9b444ee34047cadd5c0f4a516,1003,1744.99,35.9112,92.8206
4bf658053d453036c70976bccb2c31b2,1004,1742.99,35.947,92.8347
6f229cc508fc6915ed5c499efd93baa4,1005,1737.7,35.9828,92.8488
ed46f1eb4a638113deb2a1137b5f22e9,1006,1735.0,36.0186,92.8628
c8417879a15366a17c30af34c798c332,1007,1734.7,36.0544,92.8769
198c7ea11960a9844b544d9bcdca860c,1008,1733.75,36.0902,92.8909
daeb5653dd96c1b11860f72209795012,1009,1720.3,36.126,92.9049
a70e9066dbfd10b6b97a3f54a1356762,1010,1716.0,36.1618,92.9188
8378eb36b6b70c5734e83ad7b8cdc3b7,1011,1714.8,36.1976,92.9327
ea65d8b58316a6f2362f2a9e4b3e86ad,1012,1710.0,36.2334,92.9465
656591be56071d4c9ef4e5fee78a578a,1013,1702.0,36.2692,92.9603
244b04680fdbded0acf5aebd9c92b44a,1014,1701.8,36.305,92.9741
6b1c4d4d9ccf0be3d8544eb0e71e5318,1015,1699.0,36.3409,92.9879
a36b125ac6d5fdbc7f50de85c9157bdc,1016,1698.67,36.3767,93.0016
731ef20c231d9a7103a425e83fd91271,1017,1692.0,36.4125,93.0153
3ca08eeb8d5595949fed424bd3677742,1018,1688.88,36.4483,93.029
7139dc5186aa238b006e066d8fbab2e4,1019,1680.0,36.4841,93.0426
bafc5aa11e413978be29040f51342e70,1020,1679.55,36.5199,93.0563
e64d65bc8dbec2accda90c58de5d1246,1021,1678.8,36.5557,93.0699
0b18d63d0cd1d723567903fd34a07df2,1022,1678.14,36.5915,93.0834
0ac4201fda2c68ebc0e47cb9423cf3c9,1023,1676.88,36.6273,93.097
c3e1abd72a42fe690fcd89cf5720fe29,1024,1668.64,36.6631,93.1106
c013e57c075a06e5b5c48ee03c525719,1025,1667.62,36.6989,93.1241
77fccaae319668a8ab6cd0fd16aec48c,1026,1667.0,36.7347,93.1376
7586919161935337bf6b6d7ff5779648,1027,1664.71,36.7705,93.1511
3481aa57cd91f9f9d3fa1fa12d9a3bf7,1028,1663.14,36.8063,93.1645
53b0300ca793f9834cd69c0678d35ee8,1029,1662.15,36.8421,93.178
723cd880edaacdb998898b67c8f9da30,1030,1661.53,36.8779,93.1915
5b85809efd0d0e4dea1a9544e1280ed9,1031,1659.8,36.9137,93.2049
a1040efe9ff4a6f93c28b0499eada8f5,1032,1658.83,36.9495,93.2184
df0f42bc4c2142eacf0eaf2cffd0cfbb,1033,1654.0,36.9853,93.2318
dc8798cbf453b7e0f98745e396cc5616,1034,1653.2,37.0211,93.2451
b2a6d334e2833acea353624840e25a0e,1035,1650.98,37.0569,93.2585
7ade73f1b9b4e965f9009a4c3a7e2c15,1036,1650.4,37.0927,93.2719
3d2531eccfbde1d7c8db7a3a12fb267a,1037,1649.64,37.1285,93.2853
26e2c91ef821e1ff8985f408788fe35b,1038,1649.4,37.1643,93.2986
0887a9f087bcd5d9f6642b52f897fc6c,1039,1642.0,37.2001,93.3119
5b581417df4480f632484ba681e53944,1040,1641.6,37.2359,93.3252
7a2d2949aea47fab95fd98d6c9f618b1,1041,1638.99,37.2718,93.3385
7f7b8245c336066a1f9933c359f11d77,1042,1636.47,37.3076,93.3518
2a6fbeaa7ab9e5d59a35841a8da71ce4,1043,1632.79,37.3434,93.365
1dfe5347016252a7884b694d4f10f5c4,1044,1632.5,37.3792,93.3782
f1ed6bd0a9b11b581f16c851c6a5a527,1045,1622.77,37.415,93.3914
15cd6eefe58588619aaed41dfa6621b1,1046,1622.74,37.4508,93.4045
013900e863eace745d3ec7614cab5b1a,1047,1619.7,37.4866,93.4176
cb5df0dcb9e280b1780e9d589889f2c7,1048,1614.88,37.5224,93.4307
9dda5bbacd45e18d6485fee649205d09,1049,1612.8,37.5582,93.4438
427165bf50f8ca07efc7bdc2bfcf1688,1050,1603.5,37.594,93.4568
7813ea3ebd9411dc600b4dd01f7a97b9,1051,1599.4,37.6298,93.4697
850857dfac77488c307e2b1cbd84ab5a,1052,1599.0,37.6656,93.4827
081acf3de680d554796c9cf041be7bc2,1053,1597.3,37.7014,93.4956
41b86b552e54e3a7009596125aa8b167,1054,1595.3,37.7372,93.5086
70f84699be677ec988d1fa824aef7d90,1055,1588.3,37.773,93.5214
d6ab728cf30867cf3f1a2e216ae2f9b7,1056,1586.0,37.8088,93.5343
5f67c6082caacb26e431a7b17940cece,1057,1582.7,37.8446,93.5471
d3674f271c91f824f82d24d92011f669,1058,1580.4,37.8804,93.5599
392e0502231ae2f8b29994ef6398cd77,1059,1572.9,37.9162,93.5727
5075aaa8404020ae6aa8bf4792099b41,1060,1572.88,37.952,93.5854
1660ad786c27fd935378b6192a90b417,1061,1570.0,37.9878,93.5981
729b2d09b2a0bdab221076327f13d050,1062,1569.7,38.0236,93.6108
9b00ed88b7fdb95d6ff76e27c1b52d16,1063,1567.88,38.0594,93.6235
47648caee88ccfe951fbb27fbf7b4cbe,1064,1564.99,38.0952,93.6362
f9903dd0f812c7e771fcad47b6fff231,1065,1564.87,38.131,93.6489
acadd4d36859671cb635527c6c977533,1066,1564.0,38.1668,93.6616
b0f2a6122a90a93eb03e68653dd960e3,1067,1561.4,38.2026,93.6742
39d54ff918774174706fb065d7f9dc07,1068,1554.69,38.2385,93.6868
95ec4458365c4d11f452ccf538377619,1069,1549.22,38.2743,93.6994
8daab2245ebdc277c51098d01c5ad8ef,1070,1548.69,38.3101,93.7119
cd843d4cf8ef32827de0396605163ba3,1071,1546.0,38.3459,93.7244
78a4d36f65a019172c6154468831a69f,1072,1545.5,38.3817,93.737
06bb3a2fe5e7b7a845b13e8fb91bd944,1073,1536.19,38.4175,93.7494
c2d70ce2c5d0a2eb75e78668236e6dc8,1074,1530.0,38.4533,93.7618
3a490ba60afa30ece0e7d50cfe74a4f0,1075,1529.2,38.4891,93.7742
25cf099de44674fde97473224f9d59ab,1076,1527.18,38.5249,93.7866
5bf397d04035b5f45cc41e82ec106803,1077,1525.0,38.5607,93.7989
f3c38ab652836d21de61fb8314b69182,1078,1522.0,38.5965,93.8113
a7c88262832dfc683781d6a421edefae,1079,1520.0,38.6323,93.8236
866558b3bccef2dbc6d29a2b5995016f,1080,1519.4,38.6681,93.8359
094ced053e257ae8cae57205592d6712,1081,1519.2,38.7039,93.8482
f5f1f2c5f923f36ad79ea1d07185ddc9,1082,1517.77,38.7397,93.8605
1dd33b8119b3cb1056ed5dc88cd0aaf4,1083,1513.0,38.7755,93.8727
a23266650e7c84bb93fbbba502137478,1084,1512.4,38.8113,93.885
b33aaadd1a8891d2dfef0c4c3bdf0371,1085,1504.0,38.8471,93.8972
082e0bf4cb865a6533b1e8e498cc0255,1086,1502.3,38.8829,93.9094
d354c38a7182125a748cb10474fe963b,1087,1500.34,38.9187,93.9215
714b9a1332840f257b49f476bea4e341,1088,1499.94,38.9545,93.9337
3586b8580d9c917874e053a1bb37b5ff,1089,1494.8,38.9903,93.9458
c7b7db6c8f3c64a7cc1afa634db21d50,1090,1489.0,39.0261,93.9578
659e8466eb3ff1b0e8740d74fb7bbedd,1091,1486.8,39.0619,93.9699
2a61c271b1ac763450d846849783e922,1092,1486.77,39.0977,93.9819
112453736dbe3889cfb74e1aaa0ba0c1,1093,1485.0,39.1335,93.994
b6e1504972665f739dec4facb9943775,1094,1484.48,39.1694,94.006
9da1ca0bef29ee170e541927a5aeabdc,1095,1484.4,39.2052,94.018
f918546be4bec7104d117789ba758b2b,1096,1483.0,39.241,94.03
9b522ba7eae9e1d04082f267144583cc,1097,1478.6,39.2768,94.042
e24d3429d294b2eb200b064ebb035879,1098,1478.58,39.3126,94.054
e256a62e0ac58c0edfba09966142d561,1099,1474.11,39.3484,94.0659
01ed254b9ff8407dfb9d99ba1e17d923,1100,1465.99,39.3842,94.0778
4ba52dfeba874da5b9ee7b17c7494f04,1101,1463.0,39.42,94.0897
3785b653b1b82de85ab47dd139938091,1102,1462.1,39.4558,94.1015
1284de4ae8aa26997e748c851557cf0e,1103,1459.97,39.4916,94.1133
5145090ab595c0d0b8557199f5701fbf,1104,1459.6,39.5274,94.1252
d7827b2af99326a03b0ed9c7a24db0d3,1105,1455.0,39.5632,94.137
52f0fe436a347ddad7ed5f9aa4e27eaa,1106,1452.49,39.599,94.1487
a414555ce331b8c8aea4a9cb8395194d,1107,1450.95,39.6348,94.1605
0ad80de75c811326389cfb1daba7d45e,1108,1449.4,39.6706,94.1722
1b8b75e227c9a9c100d0c210fb6176ce,1109,1444.87,39.7064,94.1839
1690cada046eb7e92c12f98b1f8a8167,1110,1442.0,39.7422,94.1956
dace965ca58120f92f8d742a9fa1864b,1111,1442.0,39.778,94.2073
d1ef48b38baca7e831711c4a0aeb398f,1112,1439.13,39.8138,94.219
66fd84ee7528c0c0de85d0f44a73d5ab,1113,1438.11,39.8496,94.2306
a5a1bfcf728ab0e19182959cf0771ee4,1114,1437.76,39.8854,94.2423
3771c85bac139d2344864ede5d9341e3,1115,1433.3,39.9212,94.2539
ec933281fb017b5020d06df29c3f77e8,1116,1432.0,39.957,94.2655
0aea4c6ae1505b3228ddf3dd7822ee5b,1117,1427.91,39.9928,94.277
f5f46307a4d15880ca14fab4ad9dfc9b,1118,1422.94,40.0286,94.2886
491a5ada3aa1678414e990262c4bbdc1,1119,1420.0,40.0644,94.3001
0b0ddbc7b9d9584f442c7ac92b0ff6c9,1120,1416.76,40.1003,94.3116
010543a62bd80aa422851e79a3bc7540,1121,1416.0,40.1361,94.323
1dc2de47ee26a0a5b12dc14fd6dc0dea,1122,1413.7,40.1719,94.3345
411f3b52d857390502ee4e4d5ceabc2d,1123,1401.02,40.2077,94.3458
8ff1a9df749e454105c55cda13e79143,1124,1400.6,40.2435,94.3572
d4ffeb15b67e81ff9af2b4252d99fb7e,1125,1400.4,40.2793,94.3685
d4e12e7884759a14fa0f5f896c791cae,1126,1400.0,40.3151,94.3799
02c988090b766852e088c69d7fb3b551,1127,1393.47,40.3509,94.3912
01bcc9d254a0143f0ce9791b960b2a47,1128,1393.21,40.3867,94.4024
8e2b3afb420011ef0c88c9d5f11ea526,1129,1384.5,40.4225,94.4137
e7f3bf1ecd8526eb7f3b18059e6716e5,1130,1382.04,40.4583,94.4249
dfc475d54e1b6dbeeb7d7d9bdaa63827,1131,1373.07,40.4941,94.436
431050a06a317f2b38168dec3dcd2b46,1132,1370.0,40.5299,94.4471
2e1a7d075abe038c1b2743005fe42ff1,1133,1366.8,40.5657,94.4582
1c40343cc5d18c2d8248ac2f3366de34,1134,1362.45,40.6015,94.4692
091065b789659bc3cd9af9cb3a6253ff,1135,1359.0,40.6373,94.4802
fe701d88b67eaca109dffd464d1be9f9,1136,1359.0,40.6731,94.4912
81336a0f57a33776419727a300249e90,1137,1351.9,40.7089,94.5022
b9a03475e6447e631b6799ec8274800f,1138,1349.1,40.7447,94.5131
c3ee2331a724e6fc02c4b698b57a73f3,1139,1347.0,40.7805,94.524
7e26c750b4cb9f6766f58265ff9ebe95,1140,1344.3,40.8163,94.5349
3935fe5fe0f82787a9dcb8deb62be09d,1141,1342.72,40.8521,94.5458
b43d8b707f887a30f4675391098354a0,1142,1342.0,40.8879,94.5567
8ea394aed8138685abe1eb9f25e1021d,1143,1340.0,40.9237,94.5675
89c127985a8b130cfa45c1d36764017a,1144,1334.67,40.9595,94.5783
888faa8bfb0b159c37de6d898b961c31,1145,1323.0,40.9953,94.5891
3faf68a3b0af94b10bac70d86077be49,1146,1322.93,41.0311,94.5998
5d9f3746e112e696f98ea22c56b3e912,1147,1322.64,41.067,94.6105
d2e753bb80b7d4faa77483ed00edc8ca,1148,1320.7,41.1028,94.6212
0eaa7e33d73809f1f925f7d07c506cbd,1149,1318.0,41.1386,94.6319
7ecd59e5e20407131822c1a68ac59c1f,1150,1316.74,41.1744,94.6425
2bd05d410a8fd26dc4184a15f4f2f588,1151,1316.73,41.2102,94.6532
5151aea44289d6c6b090ee31c2132508,1152,1315.3,41.246,94.6639
ffc470761de7d0232558ba5e786e57b7,1153,1314.55,41.2818,94.6745
c794dab4928dd97beb41d05514441e86,1154,1312.4,41.3176,94.6851
6806dad1da97bfb5a9038eac6881f706,1155,1312.0,41.3534,94.6958
186cdd1b2df32caa72cfb410bba768d3,1156,1311.45,41.3892,94.7064
626ab1cd96932367f0eeec2e47046c12,1157,1310.0,41.425,94.717
9a1aea68d3efa00862ec88c0768037d0,1158,1309.2,41.4608,94.7276
42ef3192a9ff87a22d1867b74b3ee205,1159,1306.09,41.4966,94.7382
a13580f0e8f782b7a543885a0ef99f08,1160,1304.9,41.5324,94.7488
83b08de96980757220871b31bf6cffca,1161,1304.17,41.5682,94.7593
542917da124346b47ea1ac79a93ce454,1162,1303.9,41.604,94.7699
45a3d05fb00435e52a28859dd03703b3,1163,1299.0,41.6398,94.7804
cbf09e831b0c11f6f23ffb51004db972,1164,1297.5,41.6756,94.7909
5ab05b6d86d417796c69ffd6774ec832,1165,1297.3,41.7114,94.8015
9a03a4e9eb0b947652fae4f6121a3f5e,1166,1297.0,41.7472,94.812
e2c92f9c1c7746d899d18f2e158bbff7,1167,1296.9,41.783,94.8225
51ed72984a04e5dd35c2b27e77179038,1168,1294.3,41.8188,94.833
25e47381a6c510ddeb36084e33b89f0c,1169,1289.6,41.8546,94.8434
e3d3b3efac954a60d61be70b7e05b49b,1170,1282.05,41.8904,94.8538
4eeb99008a0f59d2c7759c59f9a346eb,1171,1282.0,41.9262,94.8642
a478c7961d6a992065b24e63b366f90b,1172,1281.5,41.962,94.8746
fec8cd45395b3cb0c2b173d7739706a1,1173,1280.0,41.9979,94.8849
bb5d956dece964a06c12bceb66b923ae,1174,1278.36,42.0337,94.8953
fa74b2f3287d296e9fbd2cc80f2d1cf1,1175,1274.49,42.0695,94.9056
3f8034bfc6b8b4135534975d49f04c63,1176,1273.9,42.1053,94.9159
718539d38d07dd351c76db862760e2e2,1177,1273.01,42.1411,94.9263
4b0fdb526525f9890eb145bf1534640e,1178,1272.9,42.1769,94.9366
c4fb51fb1c5b7c07bc5e67be6e7e8f6e,1179,1272.9,42.2127,94.9469
edc518ba25576a0188a0e8f2c3af186f,1180,1270.13,42.2485,94.9572
128f9bfbe4c7d5185033914b1de3d39a,1181,1267.39,42.2843,94.9674
8a2d12a90e92f012ce5226fc6592b653,1182,1261.15,42.3201,94.9777
b8114f2f589a6804810f04f99b36b498,1183,1257.2,42.3559,94.9878
921323538c9f1c4e816f2720eac02bea,1184,1256.96,42.3917,94.998
b8578d2d823bd8e251f6fdd02b40902d,1185,1255.6,42.4275,95.0082
734def04b237117a09321dd6d8f3f2a2,1186,1252.43,42.4633,95.0183
d9a84e1403de8da0c3aa531d6d108ba6,1187,1250.1,42.4991,95.0285
67225bff54a172ff67579aaf583efd78,1188,1238.0,42.5349,95.0385
8a9260f2b0340411d6d2a56bcf4f7378,1189,1236.0,42.5707,95.0485
4fb41dff7c50136976d1a5cf004a42e2,1190,1230.0,42.6065,95.0585
9140bd1d9de28b197dce077bdd687438,1191,1229.87,42.6423,95.0685
a36ac007a4d18f865c8d32c3b2402c2d,1192,1229.79,42.6781,95.0784
7daca0837f033a41a6f3428c18657533,1193,1228.98,42.7139,95.0884
2d518637f53161b973e01f56ea4bb88e,1194,1219.89,42.7497,95.0983
002100f778ceb8431b7a1020ff7ab48f,1195,1216.6,42.7855,95.1081
093805f8f2aeb63881444571e1f48f30,1196,1215.79,42.8213,95.118
9ed65337433adfbedefd23dd76eaa494,1197,1212.2,42.8571,95.1278
f9d010e39375d9c91dce3f40b73a2f84,1198,1212.0,42.8929,95.1376
f08c008c8a8d31417763738a1788a2a8,1199,1211.92,42.9288,95.1474
6426d21aca402a131fc0a5d0960a3c90,1200,1209.64,42.9646,95.1572
b566ab0ef88016e00422755e305103c6,1201,1208.0,43.0004,95.167
7238f877570096ae403c51898fa64566,1202,1200.0,43.0362,95.1767
6bef34c5be6f2bbd70aa5165f6df94b1,1203,1198.0,43.072,95.1864
a20d8058c866dbaeca014d2cd20ac62e,1204,1194.0,43.1078,95.1961
2cb6eb1b7185064167657fa09f541105,1205,1192.9,43.1436,95.2058
f235413f677777a0738ff215d0184901,1206,1191.98,43.1794,95.2154
c0098efcf800861dcae589affca31408,1207,1189.28,43.2152,95.2251
1710c3aaa9c6b44ec3883ee0fe300e21,1208,1188.9,43.251,95.2347
7a425d299613df3e613bcf9d2eaf5c49,1209,1188.9,43.2868,95.2443
c273175f7c6c80fb02f051e2fc6d0d72,1210,1188.23,43.3226,95.254
1dcfa3835714681d4ba4a93bc1e0fd41,1211,1186.6,43.3584,95.2636
439a47cc365d6e3bd526812ea9de3c29,1212,1186.5,43.3942,95.2732
0afccdb8a34ee5c79f7c06faf2b4d56e,1213,1185.6,43.43,95.2828
3092c0b297aacfb4bb6e056ebe13b9b8,1214,1184.3,43.4658,95.2924
a5259c149128e82c9d6d46e0c1c812bb,1215,1182.26,43.5016,95.302
6ddc28b61be28373b4503a1f61cf98a9,1216,1180.3,43.5374,95.3115
f4a04f7be452aa3bb31760bf00055dd0,1217,1179.1,43.5732,95.3211
327b89b872c14d1c0be7235ef4871685,1218,1177.0,43.609,95.3306
b1aaae6b66ad3c40f54b389d7ea4bee0,1219,1176.5,43.6448,95.3402
f1b854361f4e15d5851b494df66f22b2,1220,1168.8,43.6806,95.3496
52f9db5cfb423382a2fa5c9e39303202,1221,1168.79,43.7164,95.3591
8629c241b3622ac12cd4118afdc8d394,1222,1167.66,43.7522,95.3686
863d2ebcd347ce4922de7a0f9a5581d6,1223,1167.36,43.788,95.378
c8e135e7b21ecbc36c1153a29d2f5a06,1224,1165.5,43.8238,95.3875
2709af9587499e95e803a6498a5a56e9,1225,1160.56,43.8596,95.3969
d1c7fa84e48cfa21a0e595167c1c500e,1226,1156.03,43.8955,95.4062
2646baaf662d4d92ac48f047e35db92d,1227,1155.0,43.9313,95.4156
2d378dbb39815785238c0139c7647fb7,1228,1154.0,43.9671,95.4249
5fd924b4836098a5be0ecf81ba054ce0,1229,1148.8,44.0029,95.4342
1d2732ef8321502ee8488e8bed1ab8cd,1230,1148.0,44.0387,95.4435
c8c1bea22194a4eefa2dc9a9fa89f536,1231,1146.0,44.0745,95.4528
10ff823eda2b032e2c93d17a7d294736,1232,1144.98,44.1103,95.4621
1ca4bdb0cd7fc48e949bac066188ed26,1233,1140.0,44.1461,95.4713
5b97c06a046398e7005b2b7c0d707a92,1234,1139.97,44.1819,95.4806
10089e9f2fd0c668a8fd4e52e1698888,1235,1139.9,44.2177,95.4898
e63e8bfa530fb16910dd6956e592bb81,1236,1137.3,44.2535,95.499
57c764b4a836300be881e2ff86e449f9,1237,1136.2,44.2893,95.5082
6b89abe95848c850399130d149a39b63,1238,1135.2,44.3251,95.5174
713e3a23ca5e47786eb6f0d99f94cfac,1239,1126.0,44.3609,95.5266
af3ef48d0e13835e529c29ac573c63e5,1240,1120.77,44.3967,95.5356
c878515173c84a492ebe50d6b493230b,1241,1118.84,44.4325,95.5447
365e445f796710c3431557e85caa25db,1242,1115.0,44.4683,95.5537
985c92cc412091f8529c12d7f23d3fef,1243,1114.7,44.5041,95.5628
56e361f411e38dcef17cdc2a3d99628b,1244,1112.0,44.5399,95.5718
c9aafcd0621b2207c10e32c649cada4d,1245,1109.55,44.5757,95.5808
1b65c144b17e607c0f37f10bb7dfec8d,1246,1109.5,44.6115,95.5898
b9ca8e8baa5d4aa038394a700f63e69f,1247,1108.8,44.6473,95.5987
abc015ebac1d283a323ca9db35ede4b9,1248,1106.8,44.6831,95.6077
a425f92c199eb576938df686728acd20,1249,1106.3,44.7189,95.6167
141440cad9341e553f8401c574a2aa38,1250,1104.4,44.7547,95.6256
48328ec9a579151d9cc6a86d4a59336c,1251,1099.0,44.7905,95.6345
4c8b8048e33af2bf94f2eb547746a916,1252,1096.84,44.8264,95.6434
4b39558c138930b9e5489c93b6df5fe3,1253,1096.7,44.8622,95.6523
5795aebfe331fbcd02a2c4b679fb7952,1254,1095.0,44.898,95.6612
75fbb52eda0cbc24f479d3b2fbfa8d3e,1255,1094.19,44.9338,95.67
119d1aef1b4144adba89163f6cd9f5d4,1256,1094.0,44.9696,95.6789
e48cc16ab70bfa09e1401740dce0b3d7,1257,1084.83,45.0054,95.6877
39f776d2974049026ff531fc42ef2a3e,1258,1084.04,45.0412,95.6965
c35672b10ad50968f567ea3f4b91e877,1259,1080.58,45.077,95.7052
71dc18fd8cbf5fd77f45dd8b427abb34,1260,1080.0,45.1128,95.714
a066df7361163e7ddc5d7452dd17448b,1261,1078.3,45.1486,95.7227
bc07d855eac23aab5ac8a120f21d16b2,1262,1078.19,45.1844,95.7314
167fd940acebc789debd6eb418c46e38,1263,1077.58,45.2202,95.7402
3d4b1ae7539303b5704493798893e82c,1264,1076.0,45.256,95.7489
6562efe88ce0826a4ca4f189f03b4b84,1265,1076.0,45.2918,95.7576
4cf490a58259286ada5ba8525ba9e84a,1266,1075.3,45.3276,95.7663
134285d1f41da5c13a756ee8142c8a4e,1267,1073.8,45.3634,95.775
b18871c324516afa228a13e8f1ef0ae9,1268,1064.6,45.3992,95.7836
eb72802c83dc7547529c9546d1a9b8ef,1269,1063.92,45.435,95.7923
8fbd63429be6d3e5e6d1a709b6464802,1270,1061.4,45.4708,95.8009
b2eecf5ea250510da76590ca79d60e5d,1271,1060.0,45.5066,95.8095
226b05fe067266c59c15dae208213d06,1272,1056.9,45.5424,95.818
4324dd16853115efb0fd9d0d131ba6f4,1273,1052.25,45.5782,95.8265
5b0cc932433fa5184b5b94bfe6bcc256,1274,1049.8,45.614,95.835
6a38087bc8ad4f89ff453561005f6dea,1275,1048.13,45.6498,95.8435
ea6b12bf9ffe2bac34602ec631d97a47,1276,1047.3,45.6856,95.852
df91910b6a03bb2e3358fa6a35e32f6f,1277,1043.6,45.7214,95.8605
c03121937e54a93fcc1825c3098bbb6e,1278,1043.0,45.7573,95.8689
1bc2e21de46adfea6b98cc96b00f3b40,1279,1039.95,45.7931,95.8774
76ea5315acb3f5f7ade3cd261faf922a,1280,1039.56,45.8289,95.8858
633ecdf879b94b5337cca303328e4a25,1281,1037.6,45.8647,95.8942
7df1fc11cc5cbc518b39faa60cf5d67c,1282,1037.6,45.9005,95.9026
55f7a3319d80f7fdf078b8f03e6725fe,1283,1035.92,45.9363,95.911
2dcf93836ae3ce0d7c93e2f10876467a,1284,1034.2,45.9721,95.9194
c54679b132454625907c773d273d4126,1285,1032.0,46.0079,95.9277
8f2b51a30523cdecddc2f179f351c7d6,1286,1027.9,46.0437,95.9361
76c47a299e4a8fe992316a85865acbe9,1287,1024.46,46.0795,95.9444
9d7a1d34a5052409006425275ba1c2b4,1288,1020.04,46.1153,95.9526
334cab711dee080b079fa5779b584783,1289,1019.8,46.1511,95.9609
26785a546900236d66f2e4197c211158,1290,1019.2,46.1869,95.9691
5f3ae9136c875522250f8184f253413a,1291,1014.95,46.2227,95.9774
1464afc72f696af775557a821c2e253f,1292,1012.46,46.2585,95.9856
02dcd3e8e25bee036e32512bcf175493,1293,1012.0,46.2943,95.9938
28872dc528e978a639754bc8c2ce5a4c,1294,1009.9,46.3301,96.0019
5ee7fd217d08dfe5d3e2f51f96a12c9a,1295,1009.8,46.3659,96.0101
bb135baca94c82fcb731335ad5b04a03,1296,1004.8,46.4017,96.0183
4091f77d8c768fc3e81c20761471761d,1297,1004.0,46.4375,96.0264
9f50216bfd01913736a55a11b55ea842,1298,1004.0,46.4733,96.0345
ef9952469137ff190bacafe117f51537,1299,1002.66,46.5091,96.0427
c5f7feb04a6a1fb3596322bfc3cf1917,1300,999.8,46.5449,96.0508
41c9d3997dd3c072c31139dc5bb5761f,1301,998.8,46.5807,96.0589
cb4a705d00e100b9732d0ca34817d441,1302,998.0,46.6165,96.0669
058cb5aeb36d7c0fcae20fc85d5e0a59,1303,995.5,46.6523,96.075
b5e3e38609125694d2ea2417522a60b7,1304,995.04,46.6881,96.0831
7c5b05cbdb5542049f38d90d7815b97d,1305,993.97,46.724,96.0911
04e38a233f726ef161074ab1c9b0399a,1306,991.6,46.7598,96.0992
7ecef8194babfec876ca720714327841,1307,990.5,46.7956,96.1072
d1582f4043306e6b91afa6a8a884f898,1308,990.0,46.8314,96.1152
edd066cd02126d7800f9b66e980e9931,1309,987.7,46.8672,96.1232
7a9c12e235c36247c3c81f50d6ea9cea,1310,983.9,46.903,96.1312
165b1235e9e9942cb5fae67103576fb0,1311,982.7,46.9388,96.1391
adcf50477d6a1f5d91bb9d54c4903cb5,1312,981.86,46.9746,96.1471
325f3178fb58e2a9778334621eecdbf9,1313,981.7,47.0104,96.155
2f73e04d12cdf0c945ded66bb3fcf6c7,1314,980.0,47.0462,96.163
e0eabded302882513ced4ea3eb0c7059,1315,978.4,47.082,96.1709
a99504ac23ed125aaf5302af6cc30af9,1316,978.0,47.1178,96.1788
8e670472e453ba34a379331513d6aab1,1317,975.0,47.1536,96.1867
3f2af2670e104d1bcb54022274daeac5,1318,973.6,47.1894,96.1946
0e982cff76cc0579f632cea8a0e38c9d,1319,971.9,47.2252,96.2025
9bc484c87d79cd4874e05ca182658045,1320,970.0,47.261,96.2104
528bcf6680c36dddf07620bd35b33a6f,1321,969.98,47.2968,96.2182
577719699805dd125d5b6fdde5943bba,1322,968.45,47.3326,96.2261
9e9b539eb2806acee3f5c28085c1db9f,1323,967.0,47.3684,96.2339
da7039f29f90ce5b4846ffc0fcc93beb,1324,961.3,47.4042,96.2417
d1b9d4be4b6f9ebd85f8acd6745ba612,1325,957.1,47.44,96.2494
fe87f472055fbcf1d7e691c00b1560dc,1326,956.0,47.4758,96.2572
30a81d8cf85fb2ada1b1b094c9583a95,1327,954.54,47.5116,96.2649
f0e103c63864d5405b958d984b6e94c9,1328,951.7,47.5474,96.2726
07017df32dc5f2f1d2801e579548d620,1329,946.49,47.5832,96.2803
e439f7176d763f92de325271111b2fd5,1330,941.9,47.619,96.2879
79a679c36c08d606b3fd47ead9de109b,1331,935.0,47.6549,96.2955
4e06067cc08b3f41d837768d392c3ee3,1332,934.72,47.6907,96.3031
db46ca7bce82b11f7e247539271fc390,1333,933.97,47.7265,96.3107
845e8036c3f7bf62099352f5ed910240,1334,932.6,47.7623,96.3182
cda598c48d7c614bc1cad7d8ff6f0010,1335,928.8,47.7981,96.3257
4ebdc7e6cd6102a022dadc49156d4ea8,1336,928.7,47.8339,96.3333
20b54c376b794ed028df09a3cd88e8dc,1337,927.87,47.8697,96.3408
4b1eaadf791bdbbad8c4a35b65236d52,1338,927.6,47.9055,96.3483
de9727ca376d1be6ec121b110aa7954c,1339,923.0,47.9413,96.3558
269cff2d3c8d205c11f37a52402ea93b,1340,921.79,47.9771,96.3632
1caf283236cd69af44cbc09a0a1e7d32,1341,917.6,48.0129,96.3707
e9729944ba65dc3ce425e0c5a22ae7b2,1342,916.7,48.0487,96.3781
49067458c68f7701fd334ce326accbe0,1343,914.4,48.0845,96.3855
32e5635e63cb374eb63afdd242fb6134,1344,910.0,48.1203,96.3929
3f9c56764fabca627406093dcb3ef0b4,1345,909.3,48.1561,96.4002
08d2d642cf72b622b14dde1d2f5eb2f5,1346,909.0,48.1919,96.4076
97512d3fc193b2d1dfcdba0f9d1f0f8a,1347,908.9,48.2277,96.415
0417b067eeab773d2f7061a726dc477f,1348,907.21,48.2635,96.4223
fcf16b7a8697e559f0123190bb30177d,1349,902.4,48.2993,96.4296
e1c76f339ebd5460999f25a2aa8c92c5,1350,899.9,48.3351,96.4369
b45d7ebfb7378630f1bcd74b6ff86ff7,1351,899.7,48.3709,96.4442
7dc9a3355bae96dd82008b313d3a456c,1352,899.0,48.4067,96.4515
556a6409838156ea299c9d1f9e2dde43,1353,898.0,48.4425,96.4588
7357b52d27cbaa90f81a96cbc1279396,1354,897.56,48.4783,96.4661
8a43128d7f9a3db592b866e6861a6cce,1355,895.7,48.5141,96.4733
c679fb69a36e1d8349e8c50a217b4d58,1356,893.94,48.5499,96.4806
36890be00bbfc1cdb9a4a38a6af05a69,1357,891.9,48.5858,96.4878
ec4608a1f76453166bb312b2968aeaf4,1358,891.01,48.6216,96.495
160e4f13fd3a64b1b86807be88b5ffb0,1359,886.0,48.6574,96.5022
4736e9d642ef4257cd7622516931eb51,1360,885.88,48.6932,96.5094
ffad1e7127fb622cb64a900751590acd,1361,884.3,48.729,96.5165
8fdca8e349553f99bc738833a62c8802,1362,881.35,48.7648,96.5237
48985c61529077fa4f1e38bcff0f2ed3,1363,879.3,48.8006,96.5308
3c3017960b2dbd72711a61f0400aab8f,1364,878.9,48.8364,96.5379
134a288e7de827ec5ec62e3ec9c3a295,1365,877.45,48.8722,96.545
17eea220a40cc0d2c0c5346379682398,1366,875.98,48.908,96.5521
343e716476e3748b069f980efbaa294e,1367,875.7,48.9438,96.5592
00720abe85ba0859807595bbf045a33b,1368,875.5,48.9796,96.5663
1f867308a0ce13133a4e639ff4de0c02,1369,875.1,49.0154,96.5734
c5f7e746b7e6d07def6c0dae9903279b,1370,874.0,49.0512,96.5805
dd4d95ba2d15c071e6c695e2ef6ce169,1371,874.0,49.087,96.5875
3d621842b2ed28e2b474132480edac3c,1372,873.93,49.1228,96.5946
138dbe45fc62f1e244378131a6801526,1373,871.56,49.1586,96.6017
5b664594895aefb418afaee6d40a9a23,1374,869.0,49.1944,96.6087
04fdea0c111866e6cf812f1570d6b5bd,1375,865.0,49.2302,96.6157
41da412d33e8da4f22baf55cb1bde82c,1376,862.9,49.266,96.6227
6a8a889bde935bafa76d7848782dfaf9,1377,860.82,49.3018,96.6297
5011f0d93373a4c5753adf58ca77af8d,1378,859.52,49.3376,96.6367
2c43fb513632d29b3b58df74816f1b06,1379,858.0,49.3734,96.6436
b494891378bd8f4560abe576c52deacd,1380,857.4,49.4092,96.6506
e84ad2127668df3aafc6b73531a0beb8,1381,857.0,49.445,96.6575
9198786624eaeb375793215cad26cfa6,1382,854.4,49.4808,96.6644
457fe919b032a3f7dadba6fb92cf7855,1383,854.39,49.5166,96.6714
d101c6da914ae3d53f7bee42283f2fe2,1384,851.1,49.5525,96.6783
88cf19ec1fc2c58f161aee259d57142c,1385,849.97,49.5883,96.6851
f783a638e9c6af4a7d0dbfde811e7a81,1386,849.8,49.6241,96.692
5b2e94f2c22b39ccc24d34ad0f669672,1387,849.79,49.6599,96.6989
49cdc90518a4f82676b38b3c1aa43ff6,1388,849.7,49.6957,96.7058
1099a00e0ee3a50935e6c2447ca090c5,1389,849.7,49.7315,96.7127
010da0602d7774602cd1b3f5fb7b709e,1390,849.5,49.7673,96.7196
3dbbce181edfaa4a597ec858c382d2ec,1391,848.3,49.8031,96.7264
83645b1645cdee8953ee54c29ceed564,1392,844.1,49.8389,96.7333
9261d76c62caaf0b24677c2ceb7f8f20,1393,843.72,49.8747,96.7401
2b03ac196f5ed62ac483960fe0fa3b65,1394,843.1,49.9105,96.7469
ddd51ae8cda92f3995a51fc0f0f3eec7,1395,842.7,49.9463,96.7538
0791d9fc1e30678ecf03d3e55fa108d3,1396,842.0,49.9821,96.7606
a3b42d266fa8afc874b909422ce88582,1397,839.4,50.0179,96.7674
c37b2059d4f90d4feead554e5246565e,1398,839.3,50.0537,96.7742
6e4f5ff6b086632ba8dcb558fb10249e,1399,838.9,50.0895,96.781
eba88037e1dca898cd02881f67ced679,1400,838.1,50.1253,96.7878
91543f9849d68d023e17194926598543,1401,834.0,50.1611,96.7945
c00396cbdd2e088fe4281baa5920aef1,1402,832.41,50.1969,96.8013
9485a23c0430ba1d58d359391606fce6,1403,830.9,50.2327,96.808
20cb7c2fde3e5bf10f0bbe7394e1c6a9,1404,828.1,50.2685,96.8147
2379bdc3888025689a9deb7b141507d5,1405,824.5,50.3043,96.8214
10076e5788b8ee532724bcd460baf762,1406,821.48,50.3401,96.8281
28ea411b354f14b1a494be4e79f0ce02,1407,820.0,50.3759,96.8347
973f21788dfab357250f69a8dcb7ddee,1408,819.0,50.4117,96.8413
63a79f5a7eb5cb48a7e5787b141c7993,1409,815.1,50.4475,96.8479
b55638ad525e906c698fa2ce742c1742,1410,814.8,50.4834,96.8545
8185694b58b2ba6de20fd41ae608bbea,1411,813.55,50.5192,96.8611
725af026f869236a8dd0ceb98564d156,1412,810.72,50.555,96.8677
5996cddab893a4652a15592fb58ab8db,1413,810.0,50.5908,96.8743
700f03c207639c22d933381ff60b35c2,1414,809.88,50.6266,96.8808
14ee35374a7876217954b5fa08e50463,1415,809.0,50.6624,96.8874
70849ca4f400aaabb62cb7462a6f1428,1416,808.7,50.6982,96.8939
a72c2f59332659e361d647515c698798,1417,802.9,50.734,96.9004
11eac105f3f90a9b87b19c89d91e24f3,1418,802.89,50.7698,96.9069
2d42ebcda99fd55f6f4bc2f1ca035d50,1419,801.0,50.8056,96.9134
82cb9f452fe8334df74b22d37824b431,1420,800.4,50.8414,96.9199
557f22c76691849db52d2abccf0015d0,1421,799.87,50.8772,96.9264
253f95b3a0e6983ae18aed49fbc2b845,1422,799.5,50.913,96.9329
8a1ff5c35f6595a73fef4c7b96e4908a,1423,799.0,50.9488,96.9394
113e3a788b935f48aad63e1c41dac1bd,1424,797.88,50.9846,96.9458
365e4bce19bda0082c3d15d83fdb8bcd,1425,796.4,51.0204,96.9523
5a05a16bb50629ee31afab8a6d4c2674,1426,794.3,51.0562,96.9587
cac63f48c38cd7d002a7e846dcd99a23,1427,794.1,51.092,96.9651
0d4c8269e7f0401201794deef160edd6,1428,792.64,51.1278,96.9716
1cbd32d00d01bb8087a5eb088612fd9c,1429,792.24,51.1636,96.978
52956b80ae65fda598f06f6b9943e7a9,1430,792.0,51.1994,96.9844
8602a61d680a10a82cceeeda0d99ea3d,1431,791.99,51.2352,96.9908
515d781150feed28a6ac091bb0e3cb8c,1432,789.95,51.271,96.9972
134b867a0f7f8bbe6abf10f91874891e,1433,789.89,51.3068,97.0036
f9eedec3129e8cc6b6429c42d0808c5b,1434,789.8,51.3426,97.01
1bb3812d5f0747a3ab7348f199001a10,1435,789.5,51.3784,97.0164
c4fabeea6e569d42d02993bb1f4f1cbc,1436,789.3,51.4142,97.0228
2305ab43e846518f58dd9d59f3f54e96,1437,788.89,51.4501,97.0292
4c61e37f664c3c88aff092aa5ac779d7,1438,788.31,51.4859,97.0356
da03c298e3999e9d828591fc2179d109,1439,787.7,51.5217,97.042
4a1f694197d05fe70026b016a7316b41,1440,786.8,51.5575,97.0483
6eb94e1466490d327a09abf8f3552a50,1441,785.99,51.5933,97.0547
1cbd50a8c52e6cf8e315c5709fab386f,1442,785.97,51.6291,97.0611
9535a841eecebed61a9fb1ac1cbb5597,1443,784.9,51.6649,97.0674
d8c7ba53e7e38711eaef8c2849d6d2e1,1444,784.89,51.7007,97.0738
de09d00cfc265b8804c7df34075a68fa,1445,784.0,51.7365,97.0801
5f06030071324cc52bf0304014ac7234,1446,783.96,51.7723,97.0865
bc47d5d1490df2b36add65d733eafaba,1447,783.8,51.8081,97.0928
6b9b80d53ba3676eafe60268a810b5a1,1448,783.7,51.8439,97.0992
ef30892870c278497523264be1be2241,1449,783.2,51.8797,97.1055
52a52b9f656520e99716f5bc40f661c8,1450,783.1,51.9155,97.1119
41c2bad7229b0c25e6becf179ebf63ff,1451,782.0,51.9513,97.1182
e560e4022d8f7aebf155db95946c5c0f,1452,780.0,51.9871,97.1245
6524b847b982cd56bb5d4b02b776ee42,1453,779.8,52.0229,97.1309
4deebb3199eeafb282ae33229144f94b,1454,779.7,52.0587,97.1372
817f85dbb65aa3e70831d90fe75cdf89,1455,778.87,52.0945,97.1435
03a2a6dcbe45d639c4dc2a0d24769c40,1456,778.47,52.1303,97.1498
68f86ba270525243e68ae74044f992b9,1457,777.5,52.1661,97.1561
9c690ceacd5c66731bf443ea810195cb,1458,776.0,52.2019,97.1624
d9442042130b7fe579d1295f9f4a248f,1459,772.16,52.2377,97.1686
ae45df84722b1d15c5f32b23a095746c,1460,769.83,52.2735,97.1749
0ff83046c3fa22efee8ecf291888b191,1461,768.9,52.3093,97.1811
4a1917ef994878940e1fb03eeb787ad7,1462,768.0,52.3451,97.1873
562f8cfc51f265411f487d07e9c40e7f,1463,766.92,52.381,97.1935
6f83d9e4da896daae20b9b6b2d3ff8d2,1464,765.19,52.4168,97.1997
0b36063d5818f81ccb94b54adfaebbf5,1465,765.0,52.4526,97.2059
51e4e89242cbb846c2deff3dc015650e,1466,764.78,52.4884,97.2121
5acd070dd3fe441bbb2ec1f1ede515ee,1467,764.17,52.5242,97.2183
2063dd1b9f568df1c16741ea7d3e6adb,1468,763.1,52.56,97.2245
39c763cca83e654764b7a4a650fb9b7c,1469,761.0,52.5958,97.2307
a56e351445e5863fc8960640ba9190c7,1470,760.92,52.6316,97.2368
ca77545ca4d2dfd1431bf61334e2fa3c,1471,760.0,52.6674,97.243
dbec9a0a7efeff029d4d9dce7dc4cc95,1472,760.0,52.7032,97.2492
7aa538dd6e114e503a2e6154ea352253,1473,759.98,52.739,97.2553
c1ed9e3daf6154542826a6996af0fb8c,1474,757.5,52.7748,97.2614
458c6fa920810ce2492da71bc26d9eec,1475,756.76,52.8106,97.2676
54583ab379489add547fe47b628db589,1476,750.0,52.8464,97.2737
61c36f0fc4a47f9532e5512b66668e62,1477,750.0,52.8822,97.2797
a0d7fbb07bb5ebc3b05980e750db56f3,1478,749.0,52.918,97.2858
191d55f7edb8524d525ed01b20fe32e8,1479,747.0,52.9538,97.2919
ba5daa4041e1f15cdf34b76e3e18a450,1480,746.9,52.9896,97.2979
ba6ce6de456f6c11d08c17701ba5c26f,1481,744.35,53.0254,97.3039
a13aaf2d2886ab9fb30fb9a920160b8f,1482,743.64,53.0612,97.31
d4f117125b59ce73c3302f88ee40c458,1483,743.39,53.097,97.316
6e864f5c4669eff3d98140a07cc50202,1484,740.59,53.1328,97.322
8a40ae794fa3f9892cee24bd5af0488b,1485,739.85,53.1686,97.328
ba6b68b55fe8704377a7d43c8e5c0185,1486,739.77,53.2044,97.334
8c91bfea4263b8fba54081460693e2a1,1487,739.0,53.2402,97.34
9c7fd21e0aa159b20da593371f08ff7c,1488,738.4,53.276,97.3459
01fd077212124329bac32490e8ef80d9,1489,738.0,53.3119,97.3519
4200ddf1967c5e41e48db62bc6d4b5ac,1490,734.8,53.3477,97.3579
670a9dda115b5a88b18cfadee8de2332,1491,729.1,53.3835,97.3638
8b87cd0d43d49b9bdf40f56229364d59,1492,729.0,53.4193,97.3697
e51f22821f0c12a16ad5c020cdcd55e9,1493,728.81,53.4551,97.3756
fe1bbc5feda5c8979a8a1b3b2512d5a6,1494,724.72,53.4909,97.3815
6d22a1fcebb6dd08c9cd90b92a93e8d0,1495,723.7,53.5267,97.3873
d9e7e7778b32987280a6f2cb9a39c57d,1496,722.5,53.5625,97.3932
07d75e33f2750d97d467fb57e4dfdd8a,1497,722.4,53.5983,97.399
ed859002ad59dbf8cf3602696a6c3000,1498,719.7,53.6341,97.4049
75a4764c108403a7a0575140cb22287c,1499,716.9,53.6699,97.4107
ac6417315ae5da8f9a38ee11de6f7780,1500,716.4,53.7057,97.4165
89f69225956f951295ca4c7fb1266553,1501,714.6,53.7415,97.4223
d558ebe531605a1285ab2b1bc3256dfb,1502,709.0,53.7773,97.428
b5abf4f36adc043117b4fca82c22984c,1503,703.3,53.8131,97.4337
3ef37b7ca6dd2b80bd8af81a62504996,1504,700.0,53.8489,97.4394
ac51cac5e20d69ff485a54746488ef48,1505,700.0,53.8847,97.4451
328acb143b4a73aad6bee8e734f5d20d,1506,699.98,53.9205,97.4507
5c3460cd3e8a984382ae254e7dd20d9f,1507,699.31,53.9563,97.4564
8c5e007d7bd5693fa1386ffefbc99f6c,1508,699.31,53.9921,97.4621
0d83f8e03188682112cc0d93523705cc,1509,696.26,54.0279,97.4677
fac35d150712afb921ec59ac5f39bb11,1510,696.0,54.0637,97.4733
9d681c7e12db302cb261e721040dde65,1511,695.8,54.0995,97.479
05a940b4ecae36cadfd8e93bd9c43257,1512,695.1,54.1353,97.4846
4ef4c39cf3c24f326434cf0b2e48046a,1513,693.0,54.1711,97.4902
2ba91c7ad80ff88b23b7db823b43c233,1514,691.9,54.2069,97.4958
a67780aba9dd436e7ac0aa1f889e73ec,1515,691.1,54.2427,97.5014
052577151711aec5c744fe12e66db3e1,1516,687.0,54.2786,97.507
c89cf7c468a48af70aada384e722f9e2,1517,687.0,54.3144,97.5126
2dd1fb6f0e42a2243b8a01e40cd41216,1518,686.89,54.3502,97.5181
4e6015589b781adaa5ce7f1892d06bb1,1519,684.0,54.386,97.5237
2fb25ab44bdbeae6a4d816e0d0c9d500,1520,683.08,54.4218,97.5292
a1544b9ea0b2390e020537d4daa89049,1521,681.3,54.4576,97.5347
d29ba1220fb8634fa3a107e54497b8a4,1522,679.95,54.4934,97.5402
33cbbec1e7e1044aaf11d152172c776f,1523,677.23,54.5292,97.5457
b16d3dadc47d4eb18be3d88bad0775ce,1524,677.2,54.565,97.5512
89a51f50b8095ea78d5768f34c13a76f,1525,677.16,54.6008,97.5567
a513150f33f99a06569e9cd5c4bb889b,1526,677.0,54.6366,97.5622
5962468f885ea01a1b6a97a218797b0a,1527,674.0,54.6724,97.5676
6861de0f40cacb0602e473c51639f980,1528,674.0,54.7082,97.5731
c6218512d16fcac0af02fe92691cf274,1529,674.0,54.744,97.5786
e21a1e8be4715b0fcfd5385643bc49c4,1530,673.7,54.7798,97.584
e3a386fc36e22064434e1fa256f6a9fa,1531,672.5,54.8156,97.5895
7354220fb240bde543b3c40c060d41e7,1532,672.0,54.8514,97.5949
e4ebd3f87bf70440014f07ddda7fbe03,1533,671.5,54.8872,97.6004
13511db12ac61e2f89c53b72a944a60b,1534,667.0,54.923,97.6058
5f7300535881cef3b625fd683cf7d145,1535,665.98,54.9588,97.6112
caa9bc43a9fe8cf9c564ddd8a03cc4a6,1536,664.9,54.9946,97.6165
5d9dc90a686a8fddacffab6bab5653a3,1537,662.94,55.0304,97.6219
8d46553a36e68f95350a200c12f8f2e2,1538,660.0,55.0662,97.6273
c7fdb77fdbff3c41981bc52f787e959e,1539,658.48,55.102,97.6326
b0398568231ba5e6734af1881671a317,1540,656.77,55.1378,97.6379
c447f8dd3ed213f291d65ef074a268eb,1541,655.0,55.1736,97.6432
80f2cf9abf6b5a0e5c612b5eea6646e6,1542,654.08,55.2095,97.6485
5d043cd5512d4bd2f88e5ccdd5736c38,1543,650.0,55.2453,97.6538
43402bdf22aa2310e8f99e2f94f78628,1544,649.95,55.2811,97.6591
f435898e493ba0356019a0b1cb8b55b1,1545,649.76,55.3169,97.6643
87d3c3aeb3ead335511b3ce315eb341e,1546,649.38,55.3527,97.6696
9cad4b68bb993ee401a3c5aaa2bc26dd,1547,649.3,55.3885,97.6748
f8201cab383e484733266d1906e2fdfa,1548,649.3,55.4243,97.6801
95b293867b5862941c9cd74f756a3c68,1549,648.1,55.4601,97.6854
b26741d31a563d769b4af0465ab20c56,1550,648.0,55.4959,97.6906
72c38a04bd6a1c3dbc5298425a0db86d,1551,647.3,55.5317,97.6958
13f57c12a00ed4610db646b913a7f5c6,1552,645.2,55.5675,97.7011
f3295428338a40977a03f555246a70f4,1553,644.98,55.6033,97.7063
7d7d2b7a51328016102d4528c411d630,1554,638.8,55.6391,97.7115
bd1d49a326abfa9b1036772e40445430,1555,637.7,55.6749,97.7166
7a91bf945c6fae0779f1c61ce97fe45c,1556,634.6,55.7107,97.7218
be8e909810184b9b19e886129149d8e5,1557,629.85,55.7465,97.7269
07de60b03d150fb3ea09eab5da5e4c8b,1558,629.2,55.7823,97.732
685b870da5b52a710782c9c0fefbeb5b,1559,627.0,55.8181,97.7371
8759e7aedd644f487315e5860962f162,1560,627.0,55.8539,97.7421
0570350b23eda5444f8d1d9544932058,1561,626.9,55.8897,97.7472
2f09f7d37a97956d11cc1a7cadd5262b,1562,625.0,55.9255,97.7523
d8cf3b6a2151949f930d0252b180ec42,1563,623.7,55.9613,97.7573
ab3e0c171fe84a7ba7de130f19cfb485,1564,623.45,55.9971,97.7624
bfd938b22bc99bce1ae60dc602889f52,1565,623.4,56.0329,97.7674
ba6b4a237f92479743cf0ca06b67a9ac,1566,622.89,56.0687,97.7725
26bad72add1f86e08a776ce4ffdaf1ca,1567,622.0,56.1045,97.7775
b5bb2b985208834bd5bd86c7a402bbad,1568,621.06,56.1404,97.7826
bd4431c1a8dfa744b59e1e2a8bc99b9e,1569,619.7,56.1762,97.7876
e8dba4d70f7f2b20e775d09cae01142d,1570,618.94,56.212,97.7926
2aa3443d7bf9d9bb11133f420d75e083,1571,617.1,56.2478,97.7976
822b63912576852aea9a8436d72317b7,1572,615.96,56.2836,97.8026
6b15924333bd1a741595fe981ea04822,1573,614.32,56.3194,97.8076
1d29dfba02015238dfbe2449a5eaa361,1574,612.8,56.3552,97.8125
5a425cc503b39b262a847fd6212bf53b,1575,609.4,56.391,97.8175
c6a7539d424a8402232c2228d7a03c5e,1576,607.5,56.4268,97.8224
525e75a6fb1454a2325ab1734bcec221,1577,607.17,56.4626,97.8273
2059c39f76271d4ca3f15b5ffaccc8b8,1578,604.9,56.4984,97.8322
39d61be7a92eb77b7da367bd4845bc0e,1579,602.61,56.5342,97.8371
eddd1991bd6d9309995a480c39b95137,1580,601.0,56.57,97.842
1588ac4010787100dddef64568f0ae35,1581,599.97,56.6058,97.8468
8e29d051f810eb22959ede205b462b9f,1582,599.8,56.6416,97.8517
3be5841cdcc46de4ed3f9116f104b2c5,1583,599.6,56.6774,97.8565
53336f97ddbe53e2a617d07b17447b95,1584,599.5,56.7132,97.8614
e504a4e2efaa45cbff7e268a2c58c956,1585,599.4,56.749,97.8663
1430239a858e7682bbc43b20758af153,1586,599.09,56.7848,97.8711
4eb61f060e7dcc1d5a80d806c35cc541,1587,598.0,56.8206,97.876
d79e8478eed9999493990b44955fb22e,1588,597.0,56.8564,97.8808
38e6dada03429a47197d5d584d793b41,1589,596.14,56.8922,97.8856
bdae679a9b282249bc23b9b69dae9a99,1590,595.95,56.928,97.8904
0aa2205ca24f113f4658a5c536667426,1591,595.72,56.9638,97.8953
4f1f1c8666cdb6442f775c4e8caed465,1592,594.99,56.9996,97.9001
11938fcc75f6902fea1d0a6f72b54a57,1593,594.98,57.0354,97.9049
8c0de775f52fe41590b376a3b7c50f68,1594,594.8,57.0712,97.9097
6e0908ef4d4efadbc3cc2b74ea477cb0,1595,589.45,57.1071,97.9145
8a87611c08849ffeeccab52aa798b6c7,1596,587.9,57.1429,97.9193
b274baf5bbd142410eb2958cf685d684,1597,585.9,57.1787,97.924
bf961104a38e01b9062ee026bb657dee,1598,585.56,57.2145,97.9288
70b52a4cfc823994561b00bad161b4ed,1599,585.0,57.2503,97.9335
71271995e85f5b8530be99ed54a91b89,1600,582.0,57.2861,97.9382
21c62b998a043ebe31161d38f84929fc,1601,580.49,57.3219,97.9429
83353a83fd769dfafa4f21a72b15e3e5,1602,579.5,57.3577,97.9476
be3b4b0f050a6aa1b2d901c4b77e979f,1603,578.2,57.3935,97.9523
f524ad65d7e0f1daab730ef2d2e86196,1604,578.0,57.4293,97.957
01c97ebb5cdac52891c0ed1c37ba0012,1605,577.5,57.4651,97.9617
aae5e7b457a3c72ee230a47d98fceda5,1606,574.9,57.5009,97.9663
55c26bcb609f480eb7868594245febb5,1607,574.5,57.5367,97.971
59cea8e446d3834393058e7e0666b6fb,1608,572.3,57.5725,97.9756
4e326052e5dbba8adcd512f3450a307e,1609,570.0,57.6083,97.9802
9599519be538b98748162a2b48248960,1610,570.0,57.6441,97.9849
a35ef466c6fd6d052f5d241240d3c5e2,1611,569.9,57.6799,97.9895
3f9be91358837bff69df67edfa3e42e8,1612,569.7,57.7157,97.9941
cd2169d9f31ff6fbb9ca3373b0c9e354,1613,569.0,57.7515,97.9987
4170f6a9367e6b5d6401d03ce6d54569,1614,568.78,57.7873,98.0033
89ad3263c0931c47f976d7c5778e60f6,1615,568.2,57.8231,98.0079
cf654707ed6a99f112c7ec3d6f314b8b,1616,567.0,57.8589,98.0125
28f10b1c5e5abb9d4857745bede6147c,1617,566.0,57.8947,98.0171
b7ed9fb14c8eadb37adb9c45d67ab0fb,1618,566.0,57.9305,98.0217
7b98de631987e26dd6d803490c43a13c,1619,564.3,57.9663,98.0262
fac1a9017ade7bdc94058fc1c969f355,1620,563.09,58.0021,98.0308
2f74af7a0ee5636f12c2336f9fffed47,1621,560.7,58.038,98.0353
5f5a58930c3c35f3b5af264f34fb8c85,1622,560.0,58.0738,98.0399
b12cfd255810394b60caef18ae163547,1623,560.0,58.1096,98.0444
e644cbadf7eeb30d0d29f335ce7d52ec,1624,559.94,58.1454,98.049
c33a5c3c983090c8b78a28e65052a20d,1625,559.2,58.1812,98.0535
820c7c9eaf76d2b226b6c242bcf3f34d,1626,559.0,58.217,98.058
ad273c9eb54ecb4532de4bf75bae9e4e,1627,556.0,58.2528,98.0625
e250d617a0ad591ba9bd663e584a895d,1628,553.74,58.2886,98.067
8a207b6080964f3c1fc9d35bd6096ba4,1629,553.7,58.3244,98.0715
385799a1cddbd26dfeb9157356a42282,1630,551.94,58.3602,98.076
b44dbfbf62e52125f3c15d230569ea91,1631,550.78,58.396,98.0804
49383af7ab774e4e8f3000f49c83dc4b,1632,550.0,58.4318,98.0849
eb9cd5b35d95206585e2185318cb5c61,1633,550.0,58.4676,98.0893
bb2afe2061d53c6968aa0cffa233a8ec,1634,549.4,58.5034,98.0938
a2deecd5398f5df4987110c80a1972a3,1635,545.81,58.5392,98.0982
3492e68f37fd1df87f4f2f2ea247f445,1636,543.9,58.575,98.1026
e1dc0754bada9ee4cfe9713f22f61292,1637,540.0,58.6108,98.107
4cc4fd4fdd406a85bbdc1f824b731bd7,1638,539.98,58.6466,98.1114
d94ba08b99bedd6a5f6c875ecc4a6fac,1639,539.1,58.6824,98.1157
08d1c9478fb0d7d7fcac9c0da4e82fc7,1640,538.0,58.7182,98.1201
4d232b78ab7ef10393dc3807d827bc0d,1641,538.0,58.754,98.1245
ff314fa6033cc68ec451c47aee2d6ba4,1642,537.9,58.7898,98.1288
1fe61aa5494bd3ae92a2c13e067c810f,1643,537.76,58.8256,98.1332
638cba8be1fb599bbb76fd6948351eb3,1644,535.4,58.8614,98.1375
cb9fb4ca75d7ba8437480e8dde64fe98,1645,532.14,58.8972,98.1418
1f7fd2a6fcd5a6fa5d8a4dabc72aaae0,1646,531.8,58.933,98.1461
7c51de0ab286204ce75ff42bf7c10d92,1647,531.0,58.9689,98.1504
3fac58ce0ad699020c7944d53c41329c,1648,529.37,59.0047,98.1547
4342d4b2ba6b161468c63a7e7cfce593,1649,528.9,59.0405,98.159
979e9f8b5b39dd243a2550c8b05aecf0,1650,525.0,59.0763,98.1633
3d5d0dc7073a299e31fa718ce1bc00b6,1651,524.9,59.1121,98.1675
94231344608e603693b0a8891143f65d,1652,524.0,59.1479,98.1718
3969863bb8af7f72580b3b1ffd3a17b3,1653,523.35,59.1837,98.176
6e13dd869aa7185f601c941423abcc8f,1654,522.0,59.2195,98.1802
ff4e2d38692ce827b1a4f4b8196e680d,1655,518.9,59.2553,98.1844
7e79d65b5c6f1f544b7daea036acf720,1656,517.8,59.2911,98.1886
64cc804291f90c81f02bfc2bb58ff55a,1657,517.6,59.3269,98.1928
1cd9e0cc1839d55516843def5600816d,1658,517.0,59.3627,98.197
1d503743d2526f03f0c2c89540ee008c,1659,516.04,59.3985,98.2012
b87a7ea0c30fad2dd6781b74a0064859,1660,515.4,59.4343,98.2054
c157bdeedcbc9a8e3c8bf0d87ff24428,1661,514.27,59.4701,98.2095
312ba1d77e9c332ef21f9598b7f64cd7,1662,513.0,59.5059,98.2137
0d33a55da925bbf1ff02af5f6059fc7f,1663,511.4,59.5417,98.2178
2b2fed75b8e5ea3a052fc4c0825da485,1664,510.9,59.5775,98.222
c522be04e020c1e7b79f3acff36513d5,1665,509.95,59.6133,98.2261
4221a7df464f1fe2955934e30ff3a5a1,1666,509.7,59.6491,98.2302
236585a4ddb5fea9fa40233e2249ed91,1667,509.55,59.6849,98.2344
c53bcd3be457a342a97e39e5a9f0be22,1668,509.5,59.7207,98.2385
e6a69c4a27dfdd98ffe5aa757ad744bc,1669,508.51,59.7565,98.2426
ed8cb7b190ceb6067227478e48cf8dde,1670,508.5,59.7923,98.2467
74871d19219c7d518d0090283e03c137,1671,507.73,59.8281,98.2508
33cbda8716511e27e556dff9d8418bf2,1672,507.4,59.8639,98.255
5e49e3a44bdeb5aab2684258bbd4f525,1673,507.0,59.8997,98.2591
3ea00e1dea2b0659dbaf654735929220,1674,505.0,59.9356,98.2632
2493dc3f20131696a0ecdb9948051a8d,1675,504.38,59.9714,98.2672
20a7efa9721046319bdde5d60b6b5365,1676,501.2,60.0072,98.2713
851773c885feb5e2da3b4f82bc2b17ce,1677,495.4,60.043,98.2753
e59e489e2ea74bd409b798b5daf49de3,1678,495.0,60.0788,98.2793
c458e2045a8aa8964f8879af03fdcce6,1679,494.91,60.1146,98.2833
fcba71d4d5db057f43249145e4eb1e27,1680,494.55,60.1504,98.2873
af7cdac9d9897cddead9c6b08976c642,1681,493.55,60.1862,98.2913
c84592044b180dec206770c38603814b,1682,491.94,60.222,98.2953
3968920b9aa752ab98f7d5888c9252f2,1683,491.4,60.2578,98.2993
340636a908b13bbe0f4fb63fbe1d0c03,1684,490.5,60.2936,98.3033
b9c0ffa92f3ff9a5a3d45ef7213c0842,1685,490.0,60.3294,98.3073
014d9a685fd57276679edd00e07089e5,1686,489.91,60.3652,98.3112
48fb026ed7455a42f5d3e9390ed5088e,1687,489.73,60.401,98.3152
7816cd9c5b1238e320545f5bf7eb80e8,1688,489.0,60.4368,98.3192
83a75eea11694e36e56dd0cb2240229a,1689,487.0,60.4726,98.3231
68ca56ce86830f3d31b1b7ec6a54da3e,1690,479.89,60.5084,98.327
0c7f30ae9b147eca07affbef92832a6a,1691,479.5,60.5442,98.3309
32fdd5d44ecb43dfd6a24b9369eca144,1692,479.2,60.58,98.3348
25be943a321c8938947bdaabca979a90,1693,479.0,60.6158,98.3386
bac692d6c0ed08467878018e6cc9c26c,1694,477.0,60.6516,98.3425
f1198c871e0171278b63f40d112caeec,1695,475.8,60.6874,98.3464
daf565f087a52def0fd5c5825b3661bc,1696,475.0,60.7232,98.3502
efff9341f3f8f5237b44ff67ed36a7bf,1697,473.0,60.759,98.354
e1b12447a7563944843191754aeb5562,1698,472.46,60.7948,98.3579
6c99c983ce3b6ba0ab813e6790e81691,1699,472.36,60.8306,98.3617
26af45f5dfd967225a832838aa4e24a3,1700,472.3,60.8665,98.3655
e3dd723429d1b23614b7fa85e2c7a853,1701,471.05,60.9023,98.3693
270d3ef21830ad0ecf3a6c53d08a533a,1702,471.0,60.9381,98.3732
596849622429351f47b32e6cae1055ff,1703,470.5,60.9739,98.377
5f26c1408a65b42a7224cd463bdf3292,1704,468.7,61.0097,98.3808
8fec2e460530482132c436cfb5439925,1705,468.46,61.0455,98.3846
d9cd369bffa979d1634f8e1318bf2f1b,1706,468.0,61.0813,98.3883
038b75b729c8a9a04b0d07cba7eabe86,1707,467.0,61.1171,98.3921
c42fd8e4d47dfb18ce5222f2dd7752f9,1708,466.99,61.1529,98.3959
9fc70243fb26800cba56e8f014797004,1709,466.6,61.1887,98.3997
feb793c88d836c3a75efa4b5a3465d70,1710,466.0,61.2245,98.4035
da6a60cc8cc724fe51be021ff8be779c,1711,462.19,61.2603,98.4072
0a82f5fb06a4fe4ac2cf7cb412ec71b8,1712,462.0,61.2961,98.411
cb0b3bcf14e0a709df412a99424a59d7,1713,460.0,61.3319,98.4147
aec99834ab5d38ead22766ada8497e87,1714,459.0,61.3677,98.4184
dd88d13bea9e4c2bf47daf224f8141e5,1715,458.0,61.4035,98.4221
7210cd29727d674c00741e5e387b3ccd,1716,454.75,61.4393,98.4258
117cfc326c6d50da67ca858ff5c0c852,1717,454.6,61.4751,98.4295
35857757f553273b1056c1cabdace7fb,1718,454.6,61.5109,98.4332
fc4751cfe3b279c419615b9b00c1abb4,1719,453.7,61.5467,98.4368
b7cc6c5e001441ae8cdd5c69a480cbe4,1720,452.8,61.5825,98.4405
eb5b6204dde3a6e03b5f1bb8479f055b,1721,452.2,61.6183,98.4442
a06c8ff043abea0528ee44171e2140a2,1722,452.0,61.6541,98.4478
4de6e4ba574aa9dfdc824bc44dc47fdd,1723,451.1,61.6899,98.4515
101a3a003516bc11253298b2fad3cb65,1724,450.0,61.7257,98.4551
968ee78631915a63fef426d6733d7422,1725,450.0,61.7615,98.4588
b2c97074649f92197d9387d9033dda5f,1726,448.31,61.7974,98.4624
c7a0a13cbcf29d5ce51c8f80afdc0b89,1727,447.1,61.8332,98.466
e601b04acf48b4576e73ddca9481f0dc,1728,446.14,61.869,98.4697
5e106d93b717c2682b9383da480364a1,1729,445.9,61.9048,98.4733
5a6a02f419701fc8c605af71d4fc57a4,1730,445.1,61.9406,98.4769
a5bff0f43eb51f0cad7c37fac7244c8a,1731,445.0,61.9764,98.4805
b3f19518fcec265b2e97af287725f981,1732,444.92,62.0122,98.4841
768de2a4fc06aacecb9a586ccc30746a,1733,442.7,62.048,98.4877
1961c3e1272bfeceb05d0b78b5bbfdaf,1734,438.0,62.0838,98.4912
c3251e13f1bbda6c74e37c160f991e19,1735,437.8,62.1196,98.4948
d4e4b5192cba4e0e66eb12a9d347239d,1736,431.9,62.1554,98.4983
13c2ed7698b3ca92dad49e849219da59,1737,430.61,62.1912,98.5018
bc503e244f187939d10c92a5c8e378ce,1738,430.31,62.227,98.5052
4e480be820e37de1444325ff358c9296,1739,430.3,62.2628,98.5087
8b655f0855926bcb49f5835d38dfddf6,1740,429.8,62.2986,98.5122
0bebbb2cea103a4a020c95d43fd7d754,1741,429.7,62.3344,98.5157
ca4b77513ac2040591b0d8fae6958380,1742,427.79,62.3702,98.5192
8bd0e3abda539b9479c4b44a691be1ec,1743,425.75,62.406,98.5226
2c3d56f92f360fb89d849b84e8f50eae,1744,425.1,62.4418,98.526
b080809eaacb49e5ca07290981472431,1745,424.0,62.4776,98.5295
b4b447d715f9ab302a188fb43d3e96b3,1746,423.96,62.5134,98.5329
acf974e4d5950ad143a247471b831eb9,1747,423.8,62.5492,98.5364
41e0fa5761c886a630994a55c12087e7,1748,423.6,62.585,98.5398
7c1fea10b5b006671d608b1d7c446ec4,1749,423.6,62.6208,98.5432
c714262700f93defc16bf17a51a4cb23,1750,421.8,62.6566,98.5466
bf00385a5f7fc1ef39a13c2e9ee50a5f,1751,420.6,62.6924,98.55
cc80e2f693fa6e2408f47ccf62413fc1,1752,420.0,62.7282,98.5534
262237171f48e85819065498cac80d7b,1753,419.3,62.7641,98.5568
7bcd7c5f8631701474db233ccf1c094b,1754,419.0,62.7999,98.5602
38102b031c2a15e54623d711bfc753d3,1755,418.0,62.8357,98.5636
6d7f8d9d594e28796b6b3205b00f459c,1756,417.9,62.8715,98.567
7b7f91e98f8c6def45a1407923304402,1757,417.47,62.9073,98.5704
f650a9708fa1bab22bdd8d3a818cc415,1758,416.04,62.9431,98.5738
7402d13c03a7e91366337cd1de471144,1759,414.89,62.9789,98.5771
35fb511489d9ee3ee27a76debce9df06,1760,414.5,63.0147,98.5805
3d0cd21d41671c46f82cd11176bf7277,1761,413.9,63.0505,98.5838
042573af89b6d931f672efaf789d8358,1762,413.48,63.0863,98.5872
a35124e2d763d7ca3fbe3b97d143200f,1763,411.5,63.1221,98.5905
b1204cfda1d4948679db3cfc0d3cb95c,1764,411.2,63.1579,98.5939
6879c4d287a8dd06b11f54ea8f78e4da,1765,409.87,63.1937,98.5972
86ff3eaef0267069cc891a2ed9d10a17,1766,409.75,63.2295,98.6005
9d5604a1f112324ad6b2aa552122e0fb,1767,406.5,63.2653,98.6038
4be6b962d83299498bae2190f95d6566,1768,406.1,63.3011,98.6071
808d4348b916efa08e766ebad39f61eb,1769,404.5,63.3369,98.6104
ed9eef5be0992d413d251fadba1a410d,1770,404.1,63.3727,98.6136
5563732abe64c3036cb97ad924128dd1,1771,404.0,63.4085,98.6169
73b8eb4a9a729d4019b24ed1be748cbf,1772,402.15,63.4443,98.6202
29fe9f200d3fa0c668d2aa1ec7e08dfb,1773,400.0,63.4801,98.6234
fc59392d66ef99377e50356ee4f3b4e1,1774,399.99,63.5159,98.6266
d7485b33791774c36108f8c69602d48d,1775,399.82,63.5517,98.6299
63ffcb71394dd8ea3872ed9ffda17c74,1776,399.0,63.5875,98.6331
d263fa444c1504a75cbca5cc465f592a,1777,399.0,63.6233,98.6363
e73bf2cea7fe4b0b4d287a7568ed1099,1778,399.0,63.6591,98.6396
6eeed17989b0ae47c9f11ece6f38ea90,1779,398.0,63.695,98.6428
73da1880b39c71de2b262bc7720c1494,1780,398.0,63.7308,98.646
74636e24f01da9268b0ed88dacd8513e,1781,398.0,63.7666,98.6493
48e954b2da4f6a750c844173b347ed40,1782,397.8,63.8024,98.6525
12a8eb0f8d1cd3270695bf2a99f55966,1783,397.0,63.8382,98.6557
62760d278921b5f352461620d68a9cee,1784,397.0,63.874,98.6589
41b14765bd56c8ad10971074380f9c0c,1785,395.5,63.9098,98.6621
0249d282d911d23cb8b869ab49c99f53,1786,393.0,63.9456,98.6653
bc30de0d71bd6260b936a026b5cf7200,1787,392.37,63.9814,98.6685
59cd88080b93f3c18508673122d26169,1788,392.33,64.0172,98.6717
fe4cd9461203cee790d36792420b310f,1789,391.15,64.053,98.6748
acb6c2ca5c82411c1fdb88d5fd5eb95e,1790,390.98,64.0888,98.678
189ca3538ce9f920cacf0f982cbe223b,1791,390.0,64.1246,98.6812
c13ef0cfbe42f190780f621ce81f2234,1792,390.0,64.1604,98.6843
dc64d75cc406bb0697be983831430e60,1793,390.0,64.1962,98.6875
8936ba0de1073ee888cb3185ae5dc661,1794,389.99,64.232,98.6906
4049512728d969bec69f84088b012416,1795,389.84,64.2678,98.6938
0fe2d9733ed841eb064503920015a8c0,1796,389.64,64.3036,98.6969
6025c79c035c3d772133b8b8238463b2,1797,389.0,64.3394,98.7001
a7ecf689b40a44361e259b28939023e4,1798,389.0,64.3752,98.7033
2009a095de2a2a41626f6c6d7722678d,1799,388.89,64.411,98.7064
b98b715fe9e276204e2a3464f48cd796,1800,388.6,64.4468,98.7096
78ef7e885d17f35e2382a47aae8b8cce,1801,388.0,64.4826,98.7127
b0b346d3a89f5eb4c2968af3f083cd43,1802,388.0,64.5184,98.7158
b6dc74ed30f124f95227bed4e43a3bed,1803,387.56,64.5542,98.719
5d76d80a2f5f39c891b996a1bf4c9853,1804,385.8,64.59,98.7221
94d76e96eedd976258cd3278ce56d5f2,1805,385.61,64.6259,98.7252
a1bea7061f61f6fdd9a85a6325ba1033,1806,385.16,64.6617,98.7283
97e995629983723d11830a829bc2b246,1807,384.6,64.6975,98.7315
a080fc8a850289b27500f6b49cca2553,1808,383.0,64.7333,98.7346
ab27bbbad5239bc31a34709275a70db4,1809,382.9,64.7691,98.7377
cb6c9f5888a7a090c75beaf615925792,1810,381.61,64.8049,98.7408
54aa8463e87776b5612f4bdc4bd5d4de,1811,379.4,64.8407,98.7438
f5b44895715ddfe3087dc414f30268f3,1812,378.8,64.8765,98.7469
b29d3380981c51df13fc6fbe87e1763d,1813,378.4,64.9123,98.75
5dc203c7b84a0e71e878a179de05fb9a,1814,377.9,64.9481,98.753
fadb07c842a2aef5d5a676b85f220e71,1815,376.76,64.9839,98.7561
cd3d09fbe6e3e9ff0c0ac0c300e93ae7,1816,374.04,65.0197,98.7591
c24173065483e421f9e5e7f599de101d,1817,373.91,65.0555,98.7621
0bfd0b434243adc5c2e1aa6baf19c6aa,1818,371.2,65.0913,98.7652
6e1862e15f33d9994bc25922a85e1efc,1819,370.99,65.1271,98.7682
4dbd95a08b31ede5c82d3f861cb1ce1a,1820,370.78,65.1629,98.7712
55029529919c0123526150bd26ca8f20,1821,370.0,65.1987,98.7742
0f0c984a4a955310903b6b6008660bad,1822,369.81,65.2345,98.7772
916748bc99315c2d202898ae58b1617e,1823,369.4,65.2703,98.7801
7994b065a7ffb14e71c6312cf87b9de2,1824,367.2,65.3061,98.7831
499ec63c58e51296c9cf57edcfe1c8a8,1825,365.0,65.3419,98.7861
f12d3c2a14729ae461b920c11fe20fdc,1826,364.45,65.3777,98.789
4a82168aaef173cbb6e46ae88728f919,1827,363.0,65.4135,98.792
4e85b538b0dad58852641540686d0e14,1828,361.98,65.4493,98.7949
35ef5aa32949680f627efec3c23e705c,1829,361.6,65.4851,98.7978
a435b009cd956ea60748b5cfbddf2e24,1830,361.18,65.5209,98.8008
76de363de16dacc923eec8daf91df504,1831,360.0,65.5567,98.8037
b56828a9f9027f3c918c04ca720d9e3c,1832,360.0,65.5926,98.8066
fa14641f57b655e933124a9ea49cd7a5,1833,359.93,65.6284,98.8095
03bd479e1d9484cdb14104d3023f7321,1834,359.7,65.6642,98.8124
51209b446b2073894bdc0face6c73ffc,1835,359.6,65.7,98.8153
b81e3a6c866a764974fe849821abeebd,1836,359.09,65.7358,98.8183
9dd59e43f0c9f0553244e8f9c2fb247e,1837,356.3,65.7716,98.8211
29e6e05b65f93bc224c644319dc52ecf,1838,355.7,65.8074,98.824
24c1de8d9551c0b4fbc53317d53efda8,1839,355.0,65.8432,98.8269
761681a821d8275bc79f552116d06869,1840,354.92,65.879,98.8298
8fd3b4468f6425810648177996c14cbd,1841,354.9,65.9148,98.8326
9b00cad94ef3078faf6fba2e792c158f,1842,354.9,65.9506,98.8355
a2fa0bdc798ee84cdb08281337cf4fb6,1843,354.86,65.9864,98.8384
44f091b5abab8018f682fce8124b85e5,1844,354.4,66.0222,98.8413
5e105f5c9f63f5f1fd75d6cb942e55b1,1845,354.0,66.058,98.8441
b88e7c57cb2d8b973b7dd4a2bfa14b36,1846,353.9,66.0938,98.847
0ddefe3c7a032b91f4e25b9c3a08fca1,1847,353.0,66.1296,98.8499
bd15ee794d5e640d9dd71b665b2ab15b,1848,351.9,66.1654,98.8527
52092ddbd3a58c450a4459bf051b2287,1849,351.7,66.2012,98.8556
b7d5b4b87af9d42b601865d3f3810bff,1850,350.0,66.237,98.8584
52bb00821bcdd358a5a5a27e1f6be5a1,1851,349.8,66.2728,98.8612
08084d990eb3f53af056ccbc1730c8a7,1852,349.7,66.3086,98.8641
27a56ff04b34c2ba34ce6ba4d3b9d616,1853,349.29,66.3444,98.8669
ead2bab70821ea148476ae9bc08548ac,1854,348.2,66.3802,98.8697
79565f7d5603b24ddf07ade262547f2f,1855,346.0,66.416,98.8725
918717417d88a9f9ae9735567e6c7682,1856,345.7,66.4518,98.8753
38af8acfd46ac4a7bf754e8ca6736664,1857,345.0,66.4876,98.8781
a37c340b91cb0169e8b029db6440fba2,1858,345.0,66.5235,98.8809
f5fea3ffed6c2e889bab72705557c63a,1859,345.0,66.5593,98.8837
3985a3c45be355a4c57fde108bfabd1c,1860,344.2,66.5951,98.8865
7957cac1a02f45d0a4a7e45626382ec2,1861,343.0,66.6309,98.8893
2a73cba571d90c694b7caca072ccf6ce,1862,342.78,66.6667,98.8921
6219ba2359cfb97f2e38fd4c321eb309,1863,342.6,66.7025,98.8948
a254c682cc01e119f83530446f1df9a9,1864,341.6,66.7383,98.8976
a7dc4098e4da6e41b426269d12ae7e91,1865,340.0,66.7741,98.9004
ae8bfdbf1c2a2a2dee92d799db0a31c6,1866,339.92,66.8099,98.9031
6650fcccd8cd2f7e55ffa524f30c4c59,1867,339.8,66.8457,98.9059
81783131d2a97c8d44d406a4be81b5d9,1868,339.3,66.8815,98.9086
2f4b0d3b9634b647d4edee577d7ebb7e,1869,337.9,66.9173,98.9113
e627629ba868740e287800f1a9be81c2,1870,337.1,66.9531,98.9141
c8660dcf9ba70575f45d80fe28c27713,1871,335.0,66.9889,98.9168
2c538755f1ca9540af144f266e70df6c,1872,334.99,67.0247,98.9195
48efc9d94a9834137efd9ea76b065a38,1873,334.7,67.0605,98.9222
8b2d4ab22f42c5cfc338b846decfda60,1874,334.0,67.0963,98.9249
6d988d6174a2c27441597174f8905515,1875,333.83,67.1321,98.9276
c113b8df1fc375bc3d73d29c1b1144d1,1876,333.0,67.1679,98.9303
d197aa8fbc64087f61984deef05f6227,1877,331.95,67.2037,98.933
d66c11a9572221d92fbb8c4897db5f9b,1878,330.74,67.2395,98.9357
788e857f317e53de488d393e65a80f45,1879,330.0,67.2753,98.9384
e5cbe890e679490127e9a390b46bbd20,1880,329.99,67.3111,98.941
c8025364abeecb115431bf95c11a747f,1881,329.0,67.3469,98.9437
f22a247b79dd22ecd91dc8e3b2a1b07c,1882,328.98,67.3827,98.9464
d36b07fd3c5088e477a72d1fccfe29d4,1883,328.9,67.4185,98.949
f18112da765e0971ca5d510dec322bdd,1884,327.8,67.4544,98.9517
4b98b0428fc1932cc2514ef9ce2505e6,1885,327.63,67.4902,98.9543
6c1b6d0c604b776f844125f911eb7377,1886,327.07,67.526,98.957
92d14edfb62ee5ae7fdff70b0f4e7233,1887,322.0,67.5618,98.9596
a81466620e46a6970b22ef40379fdfc9,1888,321.8,67.5976,98.9622
d2f3e277560ed4c6361284429b00f037,1889,320.55,67.6334,98.9648
eb9267cccc90f1b49c8d2f9887c7dd97,1890,319.9,67.6692,98.9674
228e4c1a0be164f613d41c24345f9d2c,1891,319.7,67.705,98.97
bbaff50f3b708fda865918715276cd87,1892,319.7,67.7408,98.9726
883dd81e82754ac2c65e9790a7db8c9a,1893,319.5,67.7766,98.9752
c611f4ce9ce875bcc063fa97fd4d7d12,1894,319.0,67.8124,98.9778
c8cc60ffd415254af5d9b9f34f32c369,1895,318.6,67.8482,98.9803
3d4824f20035949c710eaf111f869d39,1896,318.51,67.884,98.9829
57d2ba47f7a3209aa347532ae75c1165,1897,318.0,67.9198,98.9855
2d22fc3089eb907b29ebff50581fb472,1898,317.7,67.9556,98.9881
3b18f9856c6eb2413eafedb58e9eecd9,1899,315.0,67.9914,98.9906
da20530872245d6cd9d2f5725613c430,1900,314.96,68.0272,98.9932
9ac4f14370b1e24ddc58be041b7f99df,1901,314.51,68.063,98.9957
8c9348f33ae3dada25c99c99ade2af78,1902,312.99,68.0988,98.9983
3afc536624bc2e65bddfb5db33cc01f3,1903,312.0,68.1346,99.0008
079d295dcbf06ee8bb1b65ba964eb2b6,1904,311.8,68.1704,99.0033
1acde099eb406aa220b1169b188b42da,1905,311.1,68.2062,99.0058
f44bdc12aa39f5271f0b95f66cd4c289,1906,310.7,68.242,99.0084
ad87df7699e83b8a91822a4a0b765c3a,1907,309.9,68.2778,99.0109
9e6967d3cf386d284251784b18ccb485,1908,309.88,68.3136,99.0134
ba89796db68db180bd389de96b2ff3b6,1909,309.8,68.3494,99.0159
0cab2da43793a6f3c5ed8514c5f54627,1910,309.7,68.3852,99.0184
ebd1417732defaf66c50b5a800eb293e,1911,309.0,68.4211,99.0209
b586cd24c010a13916af621b0325fbba,1912,308.99,68.4569,99.0234
152ee17e4c8aaf53dac99f3462e4999b,1913,308.96,68.4927,99.0259
dbbcfe2c8d026742134ac3e28ccde274,1914,308.59,68.5285,99.0284
b127efdabeffb5d559349c7b172eb75d,1915,308.5,68.5643,99.0309
85cc55e048b6bcc90c75afe7f0e72f72,1916,308.28,68.6001,99.0334
a7a9b880c49781da66651ccf4ba9ac38,1917,307.6,68.6359,99.0359
de66a66f2dd06bb9ec37aa96987466a3,1918,307.43,68.6717,99.0384
48bad451945f5227341793478d6353ea,1919,307.0,68.7075,99.0409
e94b64dc6979b302a5a5be1662c83bb6,1920,306.89,68.7433,99.0434
bc39d8938f90a3a2b98193723ed59774,1921,306.8,68.7791,99.0458
6d2f2e3b539480db1e0842b3a4e32e6e,1922,305.96,68.8149,99.0483
085f6f7e049c996695fb2074fe38d45e,1923,305.4,68.8507,99.0508
c76d418370990614e89e956c7a7567d9,1924,305.24,68.8865,99.0533
3d01d1c414c44b5943a09619ff3853cb,1925,303.6,68.9223,99.0557
6179a28a13a726c29b3bf54c070dccab,1926,300.0,68.9581,99.0582
3a3e46d10f74d8a6ca76e2b538f106a0,1927,299.9,68.9939,99.0606
2b402d5dc42554061f8ea98d1916f148,1928,299.89,69.0297,99.063
69a43819c758c65a5befb0b471c954d7,1929,299.85,69.0655,99.0654
ea3ebea5317b0efbc663ecc8ce5e9bc2,1930,299.7,69.1013,99.0679
6d1b9c9579132c87d2703ec38c30f2c5,1931,299.69,69.1371,99.0703
d0d70d21e2234dd7cd3cf63fe414148a,1932,299.6,69.1729,99.0727
35b96509602ec4b7da831b5cd73ff2c2,1933,299.0,69.2087,99.0752
f00f5b35d0abcacbdd863672f4bb2c1a,1934,299.0,69.2445,99.0776
b76a1f8356322f12529c37b67d5c96c2,1935,298.5,69.2803,99.08
791cfcfe22fe4a771ece27f90017da92,1936,298.13,69.3161,99.0824
333c4210e76a1aa2ab817b99437e3ff1,1937,298.0,69.352,99.0848
3d68c634a99a1ba46dbca3967a69c623,1938,297.0,69.3878,99.0872
0ec28cec4046a4a199b6de9b4c891d97,1939,296.6,69.4236,99.0896
eebb3372362aa9a46975164bed19a7e7,1940,295.96,69.4594,99.092
9c1c0c36cd23c20897e473901a8fb149,1941,294.99,69.4952,99.0944
61b18775be84fb700a6b2d0ba097bf66,1942,294.6,69.531,99.0968
a806a4bb063ea7ca6d374eafa50a6058,1943,294.4,69.5668,99.0992
9b1ab052f5fca308ba743ac789ebb2e1,1944,294.09,69.6026,99.1016
c286ec035ee04ba81c97508f0b5df544,1945,294.0,69.6384,99.104
b67d6c666e8dce1d078c882825e12704,1946,293.29,69.6742,99.1063
9d39404483343dd55c7ae254494d8388,1947,293.2,69.71,99.1087
6b803197e03abd5056b4313306b4f29d,1948,293.0,69.7458,99.1111
1e8c6a4c538f286aee9573239740a4b4,1949,291.5,69.7816,99.1134
48b6c3f4c6a93171da04b75313f2130f,1950,290.26,69.8174,99.1158
89de2d6f23e9746ff309705b23581faa,1951,290.0,69.8532,99.1181
aadfe0417e61315688b6bd7043361e25,1952,289.9,69.889,99.1205
ede2977fbaf3738583170735ca403f6c,1953,289.9,69.9248,99.1228
adbe70ab2c97442046d393988c8d1d27,1954,289.5,69.9606,99.1252
aded58c8142dedc5494a81f948431fab,1955,289.5,69.9964,99.1275
615005a3ef192c00c6f0e977cee3d2bc,1956,286.5,70.0322,99.1299
e83e93b71371817b11d78a63ff156aee,1957,286.0,70.068,99.1322
a9ae440659f48b7849df83e82734150b,1958,285.0,70.1038,99.1345
404e1ba01358af4cd63f679b2c4d1fa1,1959,284.2,70.1396,99.1368
ea1776927851da2532aa70d6a32c095a,1960,283.9,70.1754,99.1391
86bf77bdb52e615674772d5817c6212f,1961,281.8,70.2112,99.1414
179d859f51292aac5c10806a356f7af9,1962,281.49,70.247,99.1437
b8a0adc91af209270c2c725168eb00fd,1963,281.4,70.2828,99.1459
579891617139df7d8671d373f0669622,1964,280.3,70.3187,99.1482
6dc9bec584588412a6a338830946a3e4,1965,280.0,70.3545,99.1505
97e4a63591ca439a2b8b7efd20e6e19e,1966,279.96,70.3903,99.1527
4e0d109ccfba9a1151c103049880c857,1967,279.89,70.4261,99.155
28fb0829fd777877cdc350d25cb5bd5b,1968,279.8,70.4619,99.1573
e58a5b390e28abc0b216cfb0e07d27d7,1969,279.6,70.4977,99.1595
19a7c9f66ffa6452ff4b4c0cca71da27,1970,279.0,70.5335,99.1618
d2572f31e9023e9850ef986a636ff9bf,1971,279.0,70.5693,99.1641
70bf57d811208f8923b41bbd499a67a4,1972,278.8,70.6051,99.1663
debe6615cd90cc0c2eac2b8988e1f628,1973,278.5,70.6409,99.1686
fb8904a8ea99f8831b64ce27db2c1765,1974,278.0,70.6767,99.1708
e5899683388855d3dabe8913bbe365de,1975,277.84,70.7125,99.1731
94c49f20a123aeb9360dbf80ff912bf6,1976,277.75,70.7483,99.1753
9aa388272ee334b6ae07bc73706e254a,1977,276.0,70.7841,99.1776
2f4b9d112bfa44a214bc6cef085d17c8,1978,275.09,70.8199,99.1798
2ee0a0689f2f6a72f35a7cb6033f6e7e,1979,272.0,70.8557,99.182
7ff588a03c2aeae4fbd23f9ae64b760d,1980,271.78,70.8915,99.1842
e603cf3fec55f8697c9059638d6c8eb5,1981,270.0,70.9273,99.1864
f682e0f848abafc6f41e0d4e868c66ef,1982,269.98,70.9631,99.1886
87d73636a3acf123e842bb890a4db036,1983,269.9,70.9989,99.1908
bab0a8cd684e41ba6e2637dca0979d3b,1984,269.9,71.0347,99.1929
09883d9ab71c8fe8a9bfc7fc3075b07e,1985,269.6,71.0705,99.1951
ef2fbc2b607d8492bcffe657a4645434,1986,269.4,71.1063,99.1973
0a85ebe4e328db81ac9109781205e2f7,1987,269.0,71.1421,99.1995
6bb66d9870c2e01c05655c7ed0e7ee13,1988,269.0,71.1779,99.2017
f9ec7093df3a7b346b7bcf7864069ca3,1989,268.9,71.2137,99.2039
d73cbd89533ce8b041a9190241453ac8,1990,268.7,71.2496,99.206
08d0949a9a17c027262db1f3c450c26c,1991,268.0,71.2854,99.2082
830379336fad8c6f3b15a4a3ddb5c66e,1992,268.0,71.3212,99.2104
f9bbdd976532d50b7816d285a22bd01e,1993,268.0,71.357,99.2125
c79151301b9d90985d1fa52879213105,1994,267.1,71.3928,99.2147
c3f5668699a1b04c0fa61ecea1e2bff6,1995,267.06,71.4286,99.2169
26d6bbee02420494d471c9f6436929c0,1996,266.74,71.4644,99.219
65a7c0788e4d632ccb5e1b594b87f0bb,1997,266.7,71.5002,99.2212
51f108f62cb87d61918159902c8f8583,1998,265.82,71.536,99.2233
483ca627d131e18f988349b1655c0acd,1999,264.0,71.5718,99.2255
f8d5c7085db9a4ad2b8c1ffbeb2798c8,2000,263.0,71.6076,99.2276
1b45169b635ef59425637e9a33eb5fb3,2001,262.9,71.6434,99.2297
252e76235acb79183cfca6e34f13337d,2002,261.2,71.6792,99.2319
6da1992f915d77be95d7fa48b36904af,2003,261.0,71.715,99.234
aa762680c40618316a896838866140ea,2004,261.0,71.7508,99.2361
a11a0e0ca67423425691db355cff69b0,2005,259.9,71.7866,99.2382
984c273121e743dd14767befe6cb17f5,2006,259.6,71.8224,99.2403
bdb3edbaee43a761e2d4f258dc08f348,2007,259.5,71.8582,99.2424
c9e5ad1f6647f5dbd1172adf6ae3cada,2008,259.03,71.894,99.2445
5e25c632f9db6cfb8bc100421c2737b6,2009,259.0,71.9298,99.2466
9c3c24eca51c52b91c1de727d2a2ae06,2010,257.6,71.9656,99.2487
cf1313c6e2c01c2f4b014f97db4bcd2b,2011,255.7,72.0014,99.2508
15ead3a5037a918ddb520dfe39a3d2b9,2012,254.5,72.0372,99.2528
ebef8d8c92b4fd3226e5d407bbff21ac,2013,253.7,72.073,99.2549
18e694e0e48ed6f7aa3f24aade5fd697,2014,253.27,72.1088,99.2569
d5c530f4884a75ae0dba9c148718d278,2015,252.93,72.1446,99.259
446cc09cdbb130904da114e807dbec40,2016,252.8,72.1805,99.261
7f35f9daf223da737b78738fbae4d977,2017,252.0,72.2163,99.2631
e88c9b79e592e370d6bd852eeefbf057,2018,251.87,72.2521,99.2651
ae45ad30c2d2e5913094769690a239d2,2019,251.8,72.2879,99.2672
e88f7a2995ba184710d339c5c4bf2e30,2020,251.6,72.3237,99.2692
0747d5bb69f0586cc869d8af4c50f93e,2021,250.0,72.3595,99.2712
8ccf3cf69651cc1d8a02c8bfaf3b8568,2022,250.0,72.3953,99.2732
13d95f0f6f73943d4ceffad0fc2cd32c,2023,249.99,72.4311,99.2753
1703bc09972dab9782e7a9194943b69f,2024,249.9,72.4669,99.2773
5d505d2298ad549e4e4e835562fa0c1e,2025,249.8,72.5027,99.2793
c0f783394e37cd9c9d7f5f81141450fa,2026,249.4,72.5385,99.2813
39a5005f2605cbdb4f9ac14485cabfd1,2027,249.01,72.5743,99.2834
f52c2422904463fdd7741f99045fecb6,2028,247.8,72.6101,99.2854
5ef131ac72773e5b3f6c0d63cf424657,2029,247.59,72.6459,99.2874
98115075dd26cb8835946fc6086f5d30,2030,246.98,72.6817,99.2894
dc50afafdfa325eadc890c7fa42a8f4e,2031,246.4,72.7175,99.2914
baa49d93c8c8841e27400a300f5d74b2,2032,246.4,72.7533,99.2934
88ae906ea2acf6971f26c3e8b7cb4357,2033,246.0,72.7891,99.2954
5721089ba9214e80074f27d5a03fc0eb,2034,245.93,72.8249,99.2973
14f2b3587172b9db894c9bad8dab520b,2035,244.0,72.8607,99.2993
89bc797e2e29667aa035d4368f9b7f92,2036,243.9,72.8965,99.3013
5733d806668f8712c24b9abaefbfa642,2037,243.8,72.9323,99.3033
9853a239ab7b7ebbdc3a21248d5b8e1f,2038,242.0,72.9681,99.3052
0761743cbffb25d7148189e9f1a5f03a,2039,241.2,73.0039,99.3072
85044848b1b767db2a4a58526adef4b4,2040,240.6,73.0397,99.3091
5e9f5bd34e0830569f05c9d4f56e04a8,2041,239.98,73.0755,99.3111
422be4cc81a457fdb46f47edeb968ae5,2042,239.9,73.1113,99.313
70c4eedec9cb4a85cda2f3f9673557b4,2043,239.9,73.1472,99.315
d7b2377bae6ace1b11fc69a11900ac36,2044,239.7,73.183,99.3169
ec8463980a4e0ea9f8517aea1ed0c419,2045,239.2,73.2188,99.3188
024b564ae893ce8e9bfa02c10a401ece,2046,239.0,73.2546,99.3208
ffff564a4f9085cd26170f4732393726,2047,238.5,73.2904,99.3227
05730013efda596306417c3b09302475,2048,238.0,73.3262,99.3246
25debeafbce801fdd479539350185eee,2049,237.85,73.362,99.3266
d1a5cc844736958c11b8efab9a2b4c87,2050,237.6,73.3978,99.3285
e83c76265fc54bf41eac728805e4da77,2051,237.3,73.4336,99.3304
2e0dba2da448400b1c11d7b4b22f32a4,2052,235.87,73.4694,99.3323
534a01cc6df1e034e05c32028a291fa2,2053,235.59,73.5052,99.3342
a663d9c3797e90eac99ff60939416a56,2054,235.0,73.541,99.3361
1e47defeeadeca0e9a18fa5a9311e735,2055,234.12,73.5768,99.338
cb32766839f443db85c82a43c4a6c19e,2056,234.0,73.6126,99.3399
6bd503a8230299c9316fb0f726933927,2057,232.0,73.6484,99.3418
d9cb0052a666de5308b32f32ad5f1b1c,2058,231.9,73.6842,99.3437
2953ce3a88f5e3c3b696d77fc9e4c8eb,2059,230.0,73.72,99.3456
d90fe2229fee1a5da999ccd0c06c1667,2060,230.0,73.7558,99.3474
e64882b4ef12aee8d0faca4db5b681f4,2061,230.0,73.7916,99.3493
1746c1ae87ac63d530c7c943d0ac42e2,2062,229.9,73.8274,99.3511
34a557286ead8fe75c989e0afcf7d98c,2063,229.9,73.8632,99.353
72431a818f97fe6ab9c81eee3e297e54,2064,229.9,73.899,99.3549
740205fedfe4e90ca6857bc77db0f2b4,2065,229.9,73.9348,99.3567
9539213aa8e023c01937bef95dc006da,2066,229.1,73.9706,99.3586
615c3462099ffa940d37b17dfda19594,2067,229.0,74.0064,99.3604
768a86e36ad6aae3d03ee3c6433d61df,2068,229.0,74.0422,99.3623
88ef59b51bdaa941d10a853429f2b6ce,2069,229.0,74.0781,99.3642
75745ef7bc7d4f3ea3380f6f5303f514,2070,228.4,74.1139,99.366
46ef1a25845fc051c2998d878354810c,2071,228.06,74.1497,99.3679
e546117ed9cafbc40239c0c78635c584,2072,228.0,74.1855,99.3697
4dc646b9b9e8e411ef48ba000ea3ac6f,2073,227.0,74.2213,99.3715
3076499bbc033a927bf4a8a41bcf7fd4,2074,226.44,74.2571,99.3734
5236605f4d4b0b3e4df85b850393fca0,2075,225.7,74.2929,99.3752
b05b432bf68945d4d9783f9e3ca29ee8,2076,224.8,74.3287,99.377
10264f60a8f0a4d2f30810f5c661c673,2077,224.7,74.3645,99.3789
81ed90f07c0bacb7594940ba2ef676aa,2078,223.9,74.4003,99.3807
0e44d110fa6a54e121cb2c095a77762f,2079,223.32,74.4361,99.3825
f419677537694f0462a91990df6ca44f,2080,220.5,74.4719,99.3843
bec568278124768c474ee90971ca94d1,2081,219.9,74.5077,99.386
edf3fabebcc20f7463cc9c53da932ea8,2082,219.9,74.5435,99.3878
20611af7866c6068fd5ae1f9dbe15c92,2083,219.8,74.5793,99.3896
e0a3c37054ade6478d923a6efc10f308,2084,219.8,74.6151,99.3914
f8e2c1b59cd4225a3e4fd0d013a76b93,2085,219.8,74.6509,99.3932
a5dd1946fb63ada8bcaa0c9cd8f11e22,2086,219.62,74.6867,99.3949
c3fe93ba3085f92855c97e57f38c8c05,2087,219.0,74.7225,99.3967
131fcb0a0c9a47bba4474aacff0f14b7,2088,218.9,74.7583,99.3985
3442f8959a84dea7ee197c632cb2df15,2089,218.7,74.7941,99.4003
ce616e1913288884e7742faac9d981db,2090,217.7,74.8299,99.402
ea4e9ce63a2134743b4a92777437fcdd,2091,216.8,74.8657,99.4038
12c2ed9cded6138cf0c75f525f565fc7,2092,214.97,74.9015,99.4055
a4b8d97cd5d3674eeff96abc99d8ed67,2093,214.08,74.9373,99.4073
297d5eccd19fa9a83b2630071ff105e4,2094,212.99,74.9731,99.409
4ea2f12dbe91deeacd2c1e74f069a6e6,2095,210.2,75.009,99.4107
a9415cf907dfa12f9ed18693244f5329,2096,210.0,75.0448,99.4124
661ad5fcc28cdfb8bcadb12bb2272475,2097,209.93,75.0806,99.4141
3fadb4cba4c35bce6a7eaf9872d5623a,2098,209.5,75.1164,99.4158
2bf28e311bba65237358230cabac3f15,2099,209.0,75.1522,99.4175
3fefda3299e6dfaea3466ef346a3571a,2100,209.0,75.188,99.4192
249f0e9905a6e06ad6c6bea7547ab9f6,2101,208.95,75.2238,99.4209
10cdd491d1dbea8fb4ead97b19c334ce,2102,208.9,75.2596,99.4226
353e21e8bf8de2722b4fae1636664b76,2103,208.0,75.2954,99.4242
5a9c0859cb00fd8aa4db443837f0a700,2104,208.0,75.3312,99.4259
90b57083da5d803237da74daec6dcb2b,2105,206.9,75.367,99.4276
32f1bb9dfa65bc7df5c0d9d95a616be4,2106,206.69,75.4028,99.4293
7d294cf9a6a69dc6a0c3e540fff0e039,2107,205.8,75.4386,99.431
e5d4b2b0c3bca22085f7a19a28de0c42,2108,205.8,75.4744,99.4326
dd8a29ce82d5c705ba932d81494600a5,2109,205.75,75.5102,99.4343
643c01d7c56a724bec0454f4780e8a3e,2110,205.55,75.546,99.436
efb628aa07c8ca93d7db0d85b91a4f5a,2111,204.0,75.5818,99.4376
a64e44665225d19dfc0277eeeaaccc57,2112,203.0,75.6176,99.4392
f26d70155c2b6326fcfa1780c8c684e4,2113,202.89,75.6534,99.4409
bcc9dd23e2a8bd8267cf92b19304a1b9,2114,202.79,75.6892,99.4425
31eec405c9bb71dec8e2629a92e764fa,2115,201.9,75.725,99.4442
8d899e15a5925f097cca50faa49b15e3,2116,201.0,75.7608,99.4458
72146da5774cabf2632faedcae097a76,2117,200.94,75.7966,99.4474
3f84fefc07dc159b268d4a77d3e8c425,2118,200.6,75.8324,99.4491
5db42a6cd9bf1bf0d3aab9582767f168,2119,200.0,75.8682,99.4507
3289d8c3eef4873f91ce0b1343c0dd58,2120,199.99,75.904,99.4523
b9ec22de23f18567de0e09d776ca0309,2121,199.99,75.9398,99.4539
dbc51f5e45d654ecc16cb68e6817ecea,2122,199.99,75.9757,99.4555
dda37071807e404c5bb2a1590c66326f,2123,199.99,76.0115,99.4572
3fe7120d6257285ac6a3ce7cb071ccec,2124,199.98,76.0473,99.4588
e59e575a175fadcadf8479e191770425,2125,199.9,76.0831,99.4604
2a50b7ee5aebecc6fd0ff9784a4747d6,2126,199.8,76.1189,99.462
2cb4700db635baa1c0d4f90ed27b6669,2127,199.8,76.1547,99.4636
4f0d637c1197fd65405ebd755ac9f86b,2128,199.8,76.1905,99.4653
f4ce8ca9fa7157e3b33f536ac9a4487d,2129,199.8,76.2263,99.4669
800214c63934acd05d47e84214db8ba8,2130,199.7,76.2621,99.4685
ec5c1d94df153d473b37f880977ae58e,2131,199.67,76.2979,99.4701
8060d731897e33b5c5ae575ce1e209e1,2132,199.5,76.3337,99.4717
1e26c56af8d48424e1df0140a2401f83,2133,199.0,76.3695,99.4733
4450bd8327d471c4a11a83d1445b1b62,2134,199.0,76.4053,99.4749
4ce8b55b4bfa4659184e7becc1fba3f2,2135,199.0,76.4411,99.4766
52f6f9f13ba19504c02781132a049e75,2136,199.0,76.4769,99.4782
e1bed63d68ac36fe1f3061befe196af5,2137,199.0,76.5127,99.4798
e9874ae10b2d60d43917b6bbfa13a599,2138,199.0,76.5485,99.4814
3d290fe363c60a77498c1126fd3fb8d3,2139,198.98,76.5843,99.483
ad8b531ae67582f096925cff5630d0d1,2140,198.45,76.6201,99.4846
7c4618c82226628831613e95e9c22f44,2141,198.33,76.6559,99.4862
586a871d4f1221763fddb6ceefdeb95e,2142,198.0,76.6917,99.4878
d8dd176509baa37f359644d082bf7f7b,2143,198.0,76.7275,99.4894
f205b1a3ca9a34e0f8a228bae6e4c7b3,2144,198.0,76.7633,99.491
6f835fd4be26989b1b064399da346143,2145,197.8,76.7991,99.4926
9da15f4a4ea758d9eeb49000dbe57e22,2146,196.9,76.8349,99.4942
fe8055980a4ff7f64ed889c2b5926929,2147,196.7,76.8707,99.4958
809413606dbfe5deefd2db646693ef67,2148,196.68,76.9066,99.4974
0f7eea709efdf942b5f95c7516dbacd7,2149,195.74,76.9424,99.499
e8a85b5f3df47be0984c55fd4064dbb4,2150,195.0,76.9782,99.5006
9c54608f0996c32ae4743089d915f845,2151,194.8,77.014,99.5022
b5f49fe968dff6b112861e6cd8e192ef,2152,194.7,77.0498,99.5037
7d948535954aaf8c5d39db007f74372e,2153,194.0,77.0856,99.5053
f626e15b7314c267e4429010866f70e9,2154,193.55,77.1214,99.5069
747c1cdcd1737dcfbd1547f6eb6f2cf3,2155,193.1,77.1572,99.5084
4d9fea3499bdc22aa4da4e339365f215,2156,192.54,77.193,99.51
78ba5933c21686d1c2f64669c8c459e7,2157,191.8,77.2288,99.5116
b64d51f0435e884e8de603b1655155ae,2158,191.64,77.2646,99.5131
f307937c1bb287c3efc2a514b94b0d1d,2159,189.99,77.3004,99.5147
778323240ce2830d68aab11794e00bfb,2160,189.98,77.3362,99.5162
43a1d4bab73b816e44ef4e4facd9f9b5,2161,189.9,77.372,99.5177
7cf4ea70955b00d6b3c22542598e2715,2162,189.9,77.4078,99.5193
f7315bb81aea4ddca2d39e249a801c98,2163,189.9,77.4436,99.5208
119c7f1a00ef43fad0e57604e76a747c,2164,189.8,77.4794,99.5223
bd149ed516d4c5d418d5781f8e18919f,2165,189.5,77.5152,99.5239
686886775c8f6b1191c7b953fb52708c,2166,189.0,77.551,99.5254
b00af24704019bd2e1b335e70ad11f7c,2167,189.0,77.5868,99.5269
f88adb15807168d3c43d71021090ce4a,2168,189.0,77.6226,99.5285
0743a0239d764b9a0f959a57d07e36ab,2169,188.98,77.6584,99.53
c360e4787614ed31ac7a2f95d3b22dc6,2170,188.9,77.6942,99.5315
4c1c7281388a33dd06daac44f9fadbd1,2171,188.32,77.73,99.5331
83c465a786b06574376909b35ef6752a,2172,187.6,77.7658,99.5346
a3b0df0065e264a91b7bbf5f844af5cd,2173,186.69,77.8016,99.5361
3a79f35a2344ede41af21267f61d5ec6,2174,186.0,77.8375,99.5376
fe1b067411b8c5066e962aa146ccee03,2175,185.98,77.8733,99.5391
70125af26c2d6d4ef401a1d02ae7701f,2176,185.8,77.9091,99.5406
c990d6cf976a5718aaedc539f383ab88,2177,183.1,77.9449,99.5421
23ca5f678e0b3ea6c630b30fa8bf51ea,2178,183.0,77.9807,99.5436
3dfd3dc96f7f8598eca74e9ac8a2fa31,2179,183.0,78.0165,99.5451
478bfe564db21eeb44386606aa30b650,2180,182.7,78.0523,99.5465
5659d77e8d90378e39b960ad5956f64e,2181,182.48,78.0881,99.548
31e60bf8d103ce47932a85f5562deb16,2182,181.0,78.1239,99.5495
8ca5b19e0263150d2c57afdde2b3d011,2183,180.6,78.1597,99.551
7ad41305e96a6cab8294cd65891e9a86,2184,180.0,78.1955,99.5524
94165aea8a35c3c21499cbcae239b16c,2185,180.0,78.2313,99.5539
964ff64dc05b13811c6d0f41e0aa5f6b,2186,180.0,78.2671,99.5553
9c57bc60cfad5ee62d35d3f1ce4593a1,2187,180.0,78.3029,99.5568
50bf89f1349bc0409a268c3a49678009,2188,179.9,78.3387,99.5582
7f5e4d5efad7e44b91115dd1decb65f3,2189,179.9,78.3745,99.5597
762ed976527cddf02787edba70fffa2a,2190,179.8,78.4103,99.5612
dcf3755cefcdc158ad0b7bdde51e871b,2191,179.8,78.4461,99.5626
fb3cfbc8a86f5d7fbb4d36b8df63f60d,2192,179.7,78.4819,99.5641
184a67a8f9f63234d3a92340bbdb727f,2193,179.18,78.5177,99.5655
2235cf78d3e2073a88146a9cb60f0dd0,2194,178.99,78.5535,99.567
880ce4951cf857ab1d9e0b75c1d856f4,2195,178.9,78.5893,99.5684
6f1a1263039c76e68f40a8e536b1da6a,2196,178.69,78.6251,99.5699
57fe6232e67823593374a2281d7a8af8,2197,178.68,78.6609,99.5713
1352e06ae67b410cdae0b2a22361167b,2198,178.0,78.6967,99.5728
19e0f40a907ec568c34bfac15de4f4a1,2199,178.0,78.7325,99.5742
2b3b9ce054da76a7428df143a567b156,2200,178.0,78.7683,99.5756
6548c2550b6e2d8f18053216e1c7b6f3,2201,178.0,78.8042,99.5771
ab9db4cf53b08b828b64dccaafc2d9f0,2202,177.78,78.84,99.5785
94b9108d4b637ba65bb4f1e53cfcf8d8,2203,177.7,78.8758,99.58
3d3ccf2b2f8134b10dce9dd446f0e075,2204,176.3,78.9116,99.5814
c353f8fc0ce8344999f17d578eb69a5e,2205,175.98,78.9474,99.5828
cbbd5ae8f53de5f5097cd8217b529e24,2206,175.9,78.9832,99.5842
485452467ff670447e84a8370c3fc898,2207,175.7,79.019,99.5857
ad75519a07f039025e83795a4418470f,2208,175.62,79.0548,99.5871
929f342384a6607afe143d789ade1316,2209,175.4,79.0906,99.5885
b906dd0e57f282c7089171b6ed07982e,2210,175.0,79.1264,99.5899
56db5c0782e8f7ddc9343f9576ff6d16,2211,174.9,79.1622,99.5913
f92d8c817434bd2d84d4e9c61322b7fa,2212,174.84,79.198,99.5928
23ff42c4bf1f8f16cddb19d8b972974a,2213,174.7,79.2338,99.5942
dd9661d3cda1e6feb237f0c4d8b26f2e,2214,174.0,79.2696,99.5956
99a25c39b28a74d1151c35c18d178292,2215,173.94,79.3054,99.597
c0aff2da32c17759d30b22fb0af6649d,2216,173.8,79.3412,99.5984
aae5953b9edddf14749c0d65d60eb4b9,2217,173.0,79.377,99.5998
ccada0ef508e698917a6eab263375905,2218,172.8,79.4128,99.6012
50770d25768b0486d89be26afca3108f,2219,171.77,79.4486,99.6026
a8739afb32aaa45e01815ca76f76f54b,2220,171.19,79.4844,99.604
5c853bb56f70f4d14218944bae111d7a,2221,170.2,79.5202,99.6054
3ea08c48e851106d2f584349daba335f,2222,170.0,79.556,99.6067
55c96925041a14097b6a7825554f4ad5,2223,170.0,79.5918,99.6081
e1643dff33666ca629e3644c02738179,2224,170.0,79.6276,99.6095
5ca5d579b5857ee8709479b1047cecc3,2225,169.99,79.6634,99.6109
7fe21dd00d2f4943ae09525efa2fd674,2226,169.8,79.6992,99.6123
695051e2981c8b19e77cafe450d5bdf3,2227,169.76,79.7351,99.6136
d9c349beabc06aa6ff1c6d68b5e9e22e,2228,168.1,79.7709,99.615
c7c7b2682c648339a0e9846bb1023a39,2229,168.0,79.8067,99.6163
51a04a8a6bdcb23deccc82b0b80742cf,2230,167.99,79.8425,99.6177
7178e1eaa97257d8b6d4b80efd77a025,2231,167.9,79.8783,99.6191
89d9a386b0b6e5fc8403071b03f7206a,2232,167.0,79.9141,99.6204
1e483cc5c76fef08d3ca05f9a8af7d01,2233,166.09,79.9499,99.6218
1cbdc7cf130a41fd13a3c2a7d2fcfda7,2234,165.8,79.9857,99.6231
0af977692321d895349eded183341d28,2235,165.75,80.0215,99.6245
2ea0861cc19e94cad86438c984c52da4,2236,165.6,80.0573,99.6258
33d677f27a69b84051204ee4ae76eaca,2237,165.0,80.0931,99.6271
76d336555bb25f3165d2f0d6da719c40,2238,165.0,80.1289,99.6285
e45edf75f568ed2f93f78d060e246e25,2239,164.3,80.1647,99.6298
ce20a2ec1514c25e16f2b5b39bc818f0,2240,164.0,80.2005,99.6311
98e164d549402270247f3c96a1a158ef,2241,162.7,80.2363,99.6324
f19516b9ff26bfeb091b30108db4ddbd,2242,162.7,80.2721,99.6338
d594982fd877af63ace38ea1fca27c76,2243,162.66,80.3079,99.6351
d3e7d37c0df9aef383f3f2a15b0dddfb,2244,161.0,80.3437,99.6364
3d49bfdd1b43a7fe169b3740067acc61,2245,160.0,80.3795,99.6377
fc6295add6f51a0936407ead70c1001d,2246,160.0,80.4153,99.639
533d46c1b06970e99f09523a61df4972,2247,159.98,80.4511,99.6403
aa2640d851ec322526f1295bbeb20092,2248,159.98,80.4869,99.6416
2039c5e51785b5dde7cf93ccb3b7be2c,2249,159.9,80.5227,99.6429
913fd0ebba70bb919f7254a02239173c,2250,159.9,80.5585,99.6442
2ec6e37d992a95eaddb3369dcbcc76d9,2251,159.8,80.5943,99.6455
6902157ee16728322d61a1321fa79e58,2252,159.8,80.6301,99.6468
99cd94252748d2bdde08e17858233602,2253,159.8,80.666,99.648
b7e1750c1157341d2abd0251e07c186b,2254,159.6,80.7018,99.6493
1e9d5a33694bddb76316fd1f54734d20,2255,159.0,80.7376,99.6506
0ade5cc4a305ed7093a23f68ca47519c,2256,158.88,80.7734,99.6519
954e95f20808d7e5d11f0de292d078e0,2257,158.78,80.8092,99.6532
c04d70d515d15a7e3db3a73320598566,2258,158.2,80.845,99.6545
98dddbc4601dd4443ca174359b237166,2259,158.0,80.8808,99.6558
9cf787a239c1aa29dbd76f153dc13f9a,2260,158.0,80.9166,99.657
ce3ad9de960102d0677a81f5d0bb7b2d,2261,158.0,80.9524,99.6583
f1ce5fdecd64935c28b9ff932751d0dc,2262,158.0,80.9882,99.6596
762fafdaa57a532ee0119731697579dd,2263,157.7,81.024,99.6609
08ad4ac1388e4420ca531c3edfc46198,2264,157.63,81.0598,99.6622
d2df77822373f19934e87694d8640767,2265,155.9,81.0956,99.6634
dde698c6d0bd24834c586e5111c2bba7,2266,155.9,81.1314,99.6647
b9de031b671cd48b28fae9d828cbf2b4,2267,155.32,81.1672,99.6659
3c88ed2e76a2247933a15daa7161eb1c,2268,155.0,81.203,99.6672
4dab98ca6cd6d3df586203cefd28a042,2269,154.9,81.2388,99.6685
0951a6e282947e09cd47969f4ed0b47f,2270,154.8,81.2746,99.6697
f664f98bfda2eaf266a23ff144e7a872,2271,153.99,81.3104,99.671
0b09101900100c0e9d312861fad5a1b9,2272,153.75,81.3462,99.6722
6601ee6383e7f452be71929f8de48bbb,2273,153.6,81.382,99.6734
78813699ffac347fe27dba345a5f1551,2274,152.42,81.4178,99.6747
08f5819815f3d06545011850bd70f0a8,2275,152.0,81.4536,99.6759
4ddeb3e828550cddc8d45c8bc36ab2d1,2276,152.0,81.4894,99.6771
56f413900b5166ab4d730e9ac0b12cb0,2277,151.79,81.5252,99.6784
bd0a1b0aadca9a83d9304f7e8ff5fbd5,2278,150.6,81.561,99.6796
2d34636518ba88f5349b732fcf8ba2e4,2279,150.0,81.5968,99.6808
3dc69bf2c42f0568a5c4791ec3fd3745,2280,150.0,81.6327,99.682
4867209cb29b56b92893d7bde3ce8012,2281,150.0,81.6685,99.6832
578fa3a9cb6b6dceab39231ad59cdaca,2282,150.0,81.7043,99.6845
9dd459b29a14bf89d47183cf2cd0e4c7,2283,150.0,81.7401,99.6857
c398bc00a606d33758afd91f4e64fd15,2284,150.0,81.7759,99.6869
1e47d8b6546eb3a77b1acddcc9406242,2285,149.9,81.8117,99.6881
f266295f49a28eee21f413e0cbb0521d,2286,149.8,81.8475,99.6893
3d700782d7818f2c1e0d7a9e9d75fc00,2287,149.7,81.8833,99.6905
63272377184e969942f7fff221be858d,2288,149.7,81.9191,99.6917
651fe66032c9520ee5587f694908040d,2289,149.0,81.9549,99.693
d8b8f2cf9ff6ba0389072541cb42498c,2290,149.0,81.9907,99.6942
e00d85ce20ea50c1224c66ca5050527d,2291,149.0,82.0265,99.6954
f35becee938e982bd615edf8ef12bcfb,2292,148.59,82.0623,99.6966
28c7d8743fbc8679f484868cc0fcaefb,2293,148.5,82.0981,99.6978
ca7c6bd577e559472af1c699de9e764e,2294,148.0,82.1339,99.699
2a7c6c0b0d5efde2bf75ec1e1cec2d41,2295,147.6,82.1697,99.7002
6ee85be3693ed79a8e80718743d80655,2296,147.5,82.2055,99.7014
0b3f27369a4d8df98f7eb91077e438ac,2297,146.51,82.2413,99.7025
4bcec44888b30ba9001234c534716d3f,2298,146.0,82.2771,99.7037
398cb257329ef7af7f1943a8974a3cbc,2299,145.9,82.3129,99.7049
8e34331b7eedd03be4e5d965c1956225,2300,145.0,82.3487,99.7061
f3041c2e75ec683697a6a5ea82192210,2301,145.0,82.3845,99.7073
553a440137d6e0cf776aee0bb83ac9f5,2302,144.8,82.4203,99.7084
6c6e3d67f969468f3bfd33f827a31222,2303,144.0,82.4561,99.7096
4a82c4af97ffc0fb2dc26bfdc03b1842,2304,143.7,82.4919,99.7108
c8143b3069f6746a77421b5ce30a450c,2305,142.47,82.5277,99.7119
2f9b7ce230a057a98a9f5df5893ee36c,2306,141.82,82.5636,99.7131
53088c75f948b48a7ece173ac17f0c12,2307,141.8,82.5994,99.7142
d3891911c2feae53c52fea2bd14054e5,2308,141.0,82.6352,99.7154
0e72c1a751b496722a6cb1f10653b62a,2309,140.8,82.671,99.7165
50a7e551a7b3f8d37cd6e32d8bfbe5ea,2310,140.0,82.7068,99.7176
19d62d484cba71963c93f0f00ab42013,2311,139.9,82.7426,99.7188
d8bf0fc082fd4a77fc2e5679b6c00133,2312,139.9,82.7784,99.7199
fa8d335d68129e464e60c1826a683e96,2313,139.9,82.8142,99.721
59bbc819b99a733f02f0d6b49d1c253d,2314,139.8,82.85,99.7222
9d489893ff6af05029671b785f54b998,2315,139.8,82.8858,99.7233
a154d7316f158bb42e6fa18bbe3afd3a,2316,139.8,82.9216,99.7244
657969cca82e884d272385ec0ef06edd,2317,139.7,82.9574,99.7256
57a834594e1e9e9219603bfec184eadc,2318,139.0,82.9932,99.7267
5a9b3bcab695173c820e53934574ae80,2319,139.0,83.029,99.7278
712efd3b68f9686dc856b84abd0f21ae,2320,139.0,83.0648,99.7289
c747d5b92c7648417faea95d36d763e8,2321,139.0,83.1006,99.7301
f114dca2828bf718548db175ebe2cfcd,2322,139.0,83.1364,99.7312
96f7c797de9ca20efbe14545bed63eec,2323,138.6,83.1722,99.7323
717b78b0950b51ed00b1471d858b0edc,2324,138.6,83.208,99.7334
0b64bcdb0784abc139af04077d49a20e,2325,137.6,83.2438,99.7346
db6a4d4b5f1f5f98820ce6ce2619e2de,2326,135.99,83.2796,99.7357
777a0c55737f34ffeb78010f7542ab41,2327,135.9,83.3154,99.7368
dd39ad39b5d3df33037e141c72497ba6,2328,135.8,83.3512,99.7379
e3e290b38963293022cdcd6db8328103,2329,135.7,83.387,99.739
59de1d4c8c057c2a53acd4ca66531af2,2330,135.0,83.4228,99.7401
7c4adcc13272c0e26fa23aac642adb7b,2331,135.0,83.4586,99.7412
83c8aafbefb034674a70de0eac5b8954,2332,134.9,83.4945,99.7422
92c8bc6e8f925792247656fed09aad65,2333,134.8,83.5303,99.7433
8e4f041ff58e7845456d3482524014b3,2334,133.8,83.5661,99.7444
c87abc38c8ed3240861729e1aeadf221,2335,133.0,83.6019,99.7455
fedf2c1386e137f296b3bbf3b635e69d,2336,131.74,83.6377,99.7466
a218df5c097b0ca409cfaac1488cc7f6,2337,130.69,83.6735,99.7476
2f3d8b4c9e2ee165075331fea3f3095a,2338,130.0,83.7093,99.7487
9fe7c6641c79970ab48185498f547c09,2339,130.0,83.7451,99.7497
c70a353f02429c00775a46a75fb787da,2340,130.0,83.7809,99.7508
dc120d932ddf9d4dfb6fd68beefda622,2341,130.0,83.8167,99.7518
26b482dccfa29bd2e40703ba45523702,2342,129.98,83.8525,99.7529
b6f52e346160519c24a23af05410ad32,2343,129.9,83.8883,99.7539
e5def42655b7490edac5a56fe8e9e603,2344,129.9,83.9241,99.755
63b9ae557efed31d1f7687917d248a8d,2345,129.5,83.9599,99.756
8fbe2ee446b97e128471be4ce983dc0d,2346,129.5,83.9957,99.7571
45c20d94d9171b0bcfab3c955e47d67b,2347,129.46,84.0315,99.7581
02b72cdeb9cfcc429f1af6f4e3f3b737,2348,129.15,84.0673,99.7592
e4fc40017a6d22c46a14ac2e17f87c3e,2349,129.0,84.1031,99.7602
538caafddff204241cecbf3a02e6b3cf,2350,128.4,84.1389,99.7613
5bc237df65098fe211bb4818f4d26d78,2351,126.8,84.1747,99.7623
94ca168e8bcb407ab85c5da308863027,2352,126.8,84.2105,99.7633
934ed5cd1b9c1c7382d0a94a94b9e639,2353,125.85,84.2463,99.7643
570d4583587a5fe2d47c7be89b91ad27,2354,125.25,84.2821,99.7654
c092292535a57dacd95a8765f5518f87,2355,125.0,84.3179,99.7664
6cf476a4ca74498db55cbccdaa9dcfb6,2356,124.95,84.3537,99.7674
ff82e8873fba613f2261a9acc896fd84,2357,124.6,84.3895,99.7684
693660429f9dc4ff704eb3d88dad54d7,2358,124.0,84.4253,99.7694
90b36c5aeb728d5504a39f435bef0c5f,2359,123.99,84.4612,99.7704
f3975e8a41157005d4bcbb358678cd9b,2360,123.9,84.497,99.7714
08061dc0fc165ed41288cc7acde738ee,2361,123.8,84.5328,99.7724
8d92f3ea807b89465643c219455e7369,2362,121.2,84.5686,99.7734
89757206b887aed36f3e18d858460fea,2363,120.5,84.6044,99.7744
b248792ac0b60ec3f93d80af1b4fae47,2364,120.3,84.6402,99.7753
876182d1918783bbe15233febfbd4926,2365,120.27,84.676,99.7763
003554e2dce176b5555353e4f3555ac8,2366,120.0,84.7118,99.7773
698f5fa55a5f73d0740e9d9a773e8093,2367,120.0,84.7476,99.7783
7994081388d55b9cf976c050653dd359,2368,120.0,84.7834,99.7792
a353b1083c9863d756d9404695016d64,2369,120.0,84.8192,99.7802
bba8d0c234a52b87b3957037a215d1a4,2370,120.0,84.855,99.7812
bdf0d02d36a1d839d0c39c4a887cdd49,2371,120.0,84.8908,99.7822
35281d148dcf7134bae913c57db4e6da,2372,119.99,84.9266,99.7831
07a9bc7f61396b658ddf3ac534efe44c,2373,119.9,84.9624,99.7841
674207551483fec113276b67b0d871ff,2374,119.9,84.9982,99.7851
7c4402417d51474d4d0cda9557340e40,2375,119.9,85.034,99.786
a150c540f572d0fb53992264bc5c10b5,2376,119.9,85.0698,99.787
d1aa1ec0839dcab73a6161130eb1f94a,2377,119.9,85.1056,99.788
e9b6c33b71b67737693b4cfa68341c8d,2378,119.9,85.1414,99.789
be1e9e378700cecaa4ebf71433d7915c,2379,119.89,85.1772,99.7899
8eb88b0acb3f90a717ad659221471fa7,2380,119.8,85.213,99.7909
910a922b426b7ff95eaee129ad6c0e1f,2381,119.8,85.2488,99.7919
bf0045791395e66460eb04749c68672a,2382,119.8,85.2846,99.7928
a9b533a26e898b12e8b8d4c07279bf4d,2383,119.6,85.3204,99.7938
22c32ec35d0116ef02c281798a25bf8b,2384,119.58,85.3562,99.7948
fc38b5dceee1a730fad8853453437fbd,2385,119.2,85.3921,99.7957
fc908879b9ca1bd65419e54e50432d38,2386,119.2,85.4279,99.7967
e82de6494d91d3c4c54450f59b227a94,2387,118.9,85.4637,99.7977
fd312b6bf05efac6c3772d5b52205d8a,2388,118.7,85.4995,99.7986
1c56ffe0e9dea2657fc6e95b53f40b13,2389,118.0,85.5353,99.7996
4c60877808f4318ef1107fbeb8f89afa,2390,118.0,85.5711,99.8005
aa1eb17b9fdf6dfd546e25c45c7b9235,2391,117.99,85.6069,99.8015
fc5a0d7a310a7a41abf86a458585ff2b,2392,117.9,85.6427,99.8025
b416191c9813d821a295cfabafff4161,2393,117.8,85.6785,99.8034
9bade61a92bed55a25d2b67b9f4ed739,2394,117.68,85.7143,99.8044
0692610d8abe24f287e9fae90ea0bbee,2395,117.0,85.7501,99.8053
ef728fa1f17436c91ed1ccd03dcf9631,2396,116.8,85.7859,99.8063
8a8835a43bda99fd37310ad76c457510,2397,116.36,85.8217,99.8072
980640c45d7a4635885491d077167e4d,2398,115.78,85.8575,99.8081
781a66c0d89e30814d49fe8b5e14cd07,2399,115.0,85.8933,99.8091
93bef6edaa84956e8e575016449b6351,2400,115.0,85.9291,99.81
9bf11dfc0bec77e5a23028043c3c5a8f,2401,115.0,85.9649,99.8109
e819bcfade7b5d88a27325eb6cfd62c5,2402,113.4,86.0007,99.8119
cd52a8efd71af3336b14b5039b951cc1,2403,111.8,86.0365,99.8128
818d28f936e791926d33bcb6ee94ef79,2404,111.6,86.0723,99.8137
28d162ab86bb49d719c32f0ee6186eaa,2405,109.99,86.1081,99.8146
2c9005d8043aff18b8557ffb7b13cda4,2406,109.9,86.1439,99.8154
e732329483fd5f27367dd997b47f598a,2407,109.9,86.1797,99.8163
a3082f442524a1be452e3189e003b361,2408,109.8,86.2155,99.8172
7bb8fac2913a6064ec412e583c6d8b4d,2409,109.0,86.2513,99.8181
db7ed69a53aa9fb1c01930ba54a88bbe,2410,109.0,86.2871,99.819
4cc43a222a0f94910728b62b97a8c5f8,2411,108.5,86.323,99.8199
bb3dca718920a4d7ec3cc9ffb025108b,2412,108.0,86.3588,99.8207
e88165a185134e13fdfc85d4fa654db8,2413,108.0,86.3946,99.8216
941554c5757b73ba0e50aa7732310afc,2414,107.69,86.4304,99.8225
c26ba52cf8d2f34915f2f6b7ffa0a3f3,2415,107.47,86.4662,99.8234
077c5fae4bea9500e3737b16f71b9d3a,2416,106.8,86.502,99.8242
c5ebe6598748b0aeaa61cfb820478b92,2417,106.0,86.5378,99.8251
a69aa24cec11168e7e39a3fbc727e925,2418,105.97,86.5736,99.8259
271b8923c6a549e02d3c9fd1f8c0422b,2419,105.19,86.6094,99.8268
0daf5180aa44356f60f8effa533b55a2,2420,104.9,86.6452,99.8276
ea00f977a203ff88adf7057cb7806998,2421,103.93,86.681,99.8285
461ff5303b6c9c1a4a07f40c5aece516,2422,102.7,86.7168,99.8293
ab91571efab27993ff2f6b36e38055c3,2423,102.24,86.7526,99.8302
be67f78487e2cecb0d55bc769709e4f5,2424,102.0,86.7884,99.831
e53d5b9b29d1218281f4a907ada18626,2425,101.71,86.8242,99.8318
a4fc6eadaff1576af888509a53420f6a,2426,100.86,86.86,99.8326
7d7866a99a8656a42c7ff6352a433410,2427,100.49,86.8958,99.8334
57df9869a600bd6b7c405f2a862eccfb,2428,100.0,86.9316,99.8342
d9d43faf741ceaa8da52fdbb81d9e0e3,2429,100.0,86.9674,99.8351
79b93a308a97792cf53ac75f46da00b5,2430,99.9,87.0032,99.8359
80cfd480be3eb6d6267139f5cb793555,2431,99.9,87.039,99.8367
9e7c5f4d7770eab65738cca38f9efccf,2432,99.9,87.0748,99.8375
20a8b0dc55da94fe74d112082427c84f,2433,99.8,87.1106,99.8383
6a53b90c3ad9e0b56d9fe5c69165fff5,2434,99.8,87.1464,99.8391
247587846358bb1d2e4c6522020b36fe,2435,99.0,87.1822,99.8399
26562f211dd1364af2a8596dc945e8ae,2436,99.0,87.218,99.8407
a7c53f6b3b61adbdaa99dda97e8cbd56,2437,99.0,87.2538,99.8415
aa8af66c623d7d544dfe4bb85b5ebe3b,2438,99.0,87.2897,99.8423
5275ca25d0358ca73864e0ae41be1320,2439,98.9,87.3255,99.8431
d4910f1cdcfdabd48d6b316e395d4a23,2440,98.8,87.3613,99.8439
1fbe10c70e30765ed1de86d9f7e98409,2441,98.75,87.3971,99.8447
e9c2dc0dd4ac38448289be644ac94f42,2442,98.4,87.4329,99.8455
00ab3eff1b5192e5f1a63bcecfee11c8,2443,98.0,87.4687,99.8463
4e42581f08e8cfc7c090f930bac4552a,2444,98.0,87.5045,99.8471
8def3db7f272735afb2ecd03aeca09a7,2445,98.0,87.5403,99.8479
1c742ac33582852aaf3bcfbf5893abcf,2446,97.9,87.5761,99.8487
74c7dec0a384d8a05950e629bd23bde9,2447,97.78,87.6119,99.8495
c7bb64409aa480bb7d0335faaaf3d242,2448,97.6,87.6477,99.8503
70126eecc6aa1274392a1743866e9678,2449,97.4,87.6835,99.8511
782f78b632a43875dd5b53e3e49c9564,2450,97.34,87.7193,99.8518
270572bb714b00531be85e16e1550f26,2451,96.99,87.7551,99.8526
3903c788ded8dc03b5ebab37a2f3e9a1,2452,96.99,87.7909,99.8534
bff9deb0ec77d437f3305a79cf25529e,2453,95.97,87.8267,99.8542
5194c22ed1f616ec0c0f33c571542879,2454,95.7,87.8625,99.855
f43827dd686be3a4a80e00aa299990fb,2455,95.54,87.8983,99.8557
22a23e5ac7061fc538cc2a019afaaf16,2456,95.0,87.9341,99.8565
623ad9d0c1e14bb5464a8c72bff7b4af,2457,95.0,87.9699,99.8573
74a9b9bddf14ece02beb81f52c41a88d,2458,95.0,88.0057,99.858
6ba4733aa33f6386e9fb0c0fd3993b38,2459,94.89,88.0415,99.8588
253c025bab43881055aeecde5e2d8b77,2460,94.82,88.0773,99.8596
443d880f15cbd3572885e1d44bf2c478,2461,94.8,88.1131,99.8604
7a704e63bb29c446869efde5d57524c8,2462,94.49,88.1489,99.8611
6235903333ba7de1928c869e268e5964,2463,94.06,88.1847,99.8619
2aafae69bf4c41fbd94053d9413e87ee,2464,94.0,88.2206,99.8626
376d67b61dce0c990155286e7ae486a4,2465,94.0,88.2564,99.8634
5305693ffae2d3463377b1f6fe67b15a,2466,93.56,88.2922,99.8642
6b2612338467c08c9b25f0cc55b1578d,2467,92.9,88.328,99.8649
85ecf03781da592876b7844acc1b729f,2468,92.0,88.3638,99.8657
1cbcd2ee0afb3fc09963b87eb65e7e4f,2469,90.0,88.3996,99.8664
269c5fc9fcadee614364c3620c30a1f9,2470,90.0,88.4354,99.8671
52b53f7061969fe471d119b6195da864,2471,90.0,88.4712,99.8678
f8f35af4634605e6693c17cc3ffff5a8,2472,90.0,88.507,99.8686
6d04126aba80df143fd038e711b8fd96,2473,89.99,88.5428,99.8693
154bdf805377afea75a3bd158e9eab10,2474,89.9,88.5786,99.87
2bdb95a56a36ebbc6640337ac5eac174,2475,89.9,88.6144,99.8708
4aba6a02a788d3ec81c03137144d9a80,2476,89.9,88.6502,99.8715
6824a69c9ea0313eba299dd4a2dba09a,2477,89.9,88.686,99.8722
889009a0ed0bb52c87819941192931b8,2478,89.9,88.7218,99.8729
97e50a621f8e801f4baf69e08687c192,2479,89.9,88.7576,99.8737
a72f15980dc3e9bfd1a49ac9b2f3af65,2480,89.9,88.7934,99.8744
c1f12f926d0ba950578b4fa41115cbb6,2481,89.9,88.8292,99.8751
5741dc2bf5044c34d0698681c5081bed,2482,89.7,88.865,99.8759
b8d890108a7a80e4f5d59eea9f362438,2483,89.7,88.9008,99.8766
6624bc09786f0e41ae48dfc5eeb1a9e2,2484,89.54,88.9366,99.8773
499185655c29ecfdbfe776ef7cf875b5,2485,89.0,88.9724,99.878
b3809b8d4394588a47c8470ea331e135,2486,89.0,89.0082,99.8788
da2782c804606d2a5d8e1760dbb3e7ec,2487,89.0,89.044,99.8795
65c255b299faf2d12050937cc219c46c,2488,88.2,89.0798,99.8802
a0a14e50070f3225b3eabba5b85da517,2489,88.1,89.1156,99.8809
dd264199fc8b687ad029de7de6d760e6,2490,87.9,89.1515,99.8816
9cea4682e16655f7da87f406902e989e,2491,87.76,89.1873,99.8823
2fa13c8bd5705d279f7ed5cc9ec61c68,2492,87.4,89.2231,99.883
b86a47b3366e3b5424a7b225781f4908,2493,86.5,89.2589,99.8837
00d8b143d12632bad99c0ad66ad52825,2494,86.0,89.2947,99.8844
a2b911e9ad40dc7d61c142a4683e2d85,2495,85.9,89.3305,99.8851
5566627eab3fe93fd6ee08798226101a,2496,85.5,89.3663,99.8858
2b5ed0c9139dae8883a200dfcb272ece,2497,85.41,89.4021,99.8865
671585f5a2af58b6e276bc01003c0d2b,2498,85.0,89.4379,99.8872
b5dd7151a92ccaaa282cbe9681a05f44,2499,85.0,89.4737,99.8879
0dfbed20065e425d2eaefb101f9816c0,2500,84.35,89.5095,99.8886
034b9387752bfa309f350a70cd45ffa3,2501,84.0,89.5453,99.8893
324583d68897f5ddbaf38f6248322176,2502,84.0,89.5811,99.8899
902c99f1ac505c0d18778b61bcd636f7,2503,83.98,89.6169,99.8906
11d4c477d09821164bca4f70a2eae031,2504,83.04,89.6527,99.8913
ba8e85df286308fe68a2ce83a8f8b2d6,2505,80.9,89.6885,99.8919
52454f90d4c30c016768db02f88c1a74,2506,80.5,89.7243,99.8926
1a8e2d9c38b84a9702ac7922924b0573,2507,80.0,89.7601,99.8932
a45765f8afb1e594b22bf9e974b46765,2508,79.99,89.7959,99.8939
e09887ca8c7bf8a4621ce481820414ef,2509,79.97,89.8317,99.8945
0f519b0d2e5eb2227c93dd25038bfc01,2510,79.9,89.8675,99.8952
9fbd5666d8618fa571c4230fafa09bd6,2511,79.9,89.9033,99.8958
b5b800c4065bebf4d3442311c9857344,2512,79.9,89.9391,99.8965
ca5832c6960267b71041f74bb39e8b12,2513,79.9,89.9749,99.8971
dcb7367a92f5ffb89f1e2152ed260285,2514,79.9,90.0107,99.8978
77714512e8d4dda9c234da8e3faf16e4,2515,79.8,90.0465,99.8984
a7b7354cc588f7566a848bcbb1ce3d96,2516,79.8,90.0823,99.8991
aa17b35ce4de7b565be3249ba838944f,2517,79.8,90.1182,99.8997
e5bd51692380fd8cabb19b756b95e714,2518,79.8,90.154,99.9004
519a7aa428f18d125a283cf8c014fdd6,2519,79.7,90.1898,99.901
918f6fbcf3ab724d805867303e593a1b,2520,79.7,90.2256,99.9017
c8665a4dd081a2c436b1cd921079d0d9,2521,79.39,90.2614,99.9023
2d2322d842118867781fc737e96d59a1,2522,79.2,90.2972,99.9029
babcc0ab201e4c60188427cae51a5b8b,2523,79.0,90.333,99.9036
166e8f1381e09651983c38b1f6f91c11,2524,78.8,90.3688,99.9042
8132b9bd16876e1b0f8808d43825dd48,2525,77.9,90.4046,99.9049
739c7d7be81f63812dea0d1b1451c651,2526,77.5,90.4404,99.9055
5de1c80811ce7007f62f00d971236c09,2527,76.8,90.4762,99.9061
497709c2976a8fa308730a2dec5b0726,2528,76.0,90.512,99.9067
43a5d4a57af536fddc96d08be3afdfcb,2529,75.0,90.5478,99.9073
47f55702f598c7c6cc8458b0fbc1c49a,2530,75.0,90.5836,99.9079
6dd7dce75cd55c1ce255dc38d9f0cd46,2531,75.0,90.6194,99.9085
a1bea9970d8f65b240555f99c2214f7f,2532,75.0,90.6552,99.9091
d52cbce9845184537284a23c3bc3da0e,2533,75.0,90.691,99.9098
ec21206b7894c503788a684a7bc822a6,2534,75.0,90.7268,99.9104
9c3a1c416c765687bc79a04113269929,2535,74.9,90.7626,99.911
df47da4ae86fa4db890d05aaf24e21d8,2536,74.9,90.7984,99.9116
6187a137b2af59dfdbad8d9f8c373c14,2537,74.8,90.8342,99.9122
a90a5da8b09e44264a177c0374a5ac87,2538,74.7,90.87,99.9128
164a5a8794e6d42e14f55e447b12a3bc,2539,73.99,90.9058,99.9134
204b4e07bddef3c9b317f70189135b22,2540,73.4,90.9416,99.914
8f0fbe2cd4d472157dc1cdef6edecaa9,2541,71.88,90.9774,99.9146
028872bfa080090a9d0abd4f1af168f8,2542,70.5,91.0132,99.9151
28405831a29823802aa22c084cfd0649,2543,70.0,91.0491,99.9157
4003520d80d0bad1d5623f7aa3c63cda,2544,70.0,91.0849,99.9163
a89e143d5211473ae18db9577ee34b64,2545,70.0,91.1207,99.9168
bbf4a892cac7b82422baa711dffb8997,2546,70.0,91.1565,99.9174
e4f121bf6ef8b9a1d4d3e65dd0473fab,2547,70.0,91.1923,99.918
f90f77ef2799a27f80d90c425ca944f7,2548,70.0,91.2281,99.9185
0a198e95d32b1be2da9424c962a6ebfa,2549,69.99,91.2639,99.9191
1b0b0f4f95e962d6f32fe90c759d0479,2550,69.9,91.2997,99.9197
4e92348462c75b6c842b994ce84a0ed4,2551,69.9,91.3355,99.9202
a53f60f05f822b5c621a50ff6a5cb362,2552,69.9,91.3713,99.9208
b5d034ac251546e25afe9067f05c1539,2553,69.9,91.4071,99.9214
d598f929fc44e1e38678e7f47250ec04,2554,69.9,91.4429,99.9219
d6cd01c59123df02fc226eadbadb5f89,2555,69.9,91.4787,99.9225
f3511c85f59f8dec53d140501ee8e7a8,2556,69.9,91.5145,99.9231
fe9d9cf8631285d5982c6e2cf27fb114,2557,69.9,91.5503,99.9236
17998cf586426bf0f2c3726cb0a4b211,2558,69.8,91.5861,99.9242
2e7ea2aafec5835e781b21d6d1faf1f1,2559,69.0,91.6219,99.9248
8cb7c5ddf41f4d506eba76e9a4702a25,2560,69.0,91.6577,99.9253
edb65fe661681b1c0de8bd47c8655855,2561,69.0,91.6935,99.9259
bbe87dce25ba8b38bb61cc7210a3f10b,2562,68.0,91.7293,99.9264
723a46b89fd5c3ed78ccdf039e33ac63,2563,66.64,91.7651,99.927
d58d521f3789def2e7a22715e0badd93,2564,65.98,91.8009,99.9275
c32fc744b9160ac853450488e3cfea93,2565,65.8,91.8367,99.928
eec3469d83e142f9a104886655338c37,2566,65.8,91.8725,99.9286
76623fde66e6b63b59440fd34160512d,2567,65.4,91.9083,99.9291
d4a5e99e0dd915df64ba55a7fbd583fd,2568,65.15,91.9441,99.9296
447d377bdb757058acb569025ee18a93,2569,64.99,91.9799,99.9302
933446e9a59dece7ae9175103820ca8f,2570,64.99,92.0158,99.9307
9b76ad3d04236f76bc71c59470305e13,2571,64.9,92.0516,99.9312
c8771b1a10bb99bb34d3c459c5cffb53,2572,64.9,92.0874,99.9317
f049a72cf58fd31b11f8919cade515e7,2573,64.0,92.1232,99.9323
391bbd13b6452244774beff1824006ed,2574,63.9,92.159,99.9328
b452cb0ae35044c4a53179c39f49fb06,2575,63.7,92.1948,99.9333
dc7192adf8ba09569261f4a8d576afe0,2576,63.0,92.2306,99.9338
9e94fa26a70ede4d26226e918e8706a2,2577,62.8,92.2664,99.9343
f0ec78809fe0bc3edb11c9fe5b97b059,2578,62.6,92.3022,99.9348
2cb98e27ce1c18abdb42209b34c382a7,2579,62.49,92.338,99.9353
6a3139c7bf09ece22a4713d956acbe5e,2580,61.9,92.3738,99.9358
4c4d546adf3c3868fe19c9ec6e9ffda9,2581,61.8,92.4096,99.9363
f7c31656c19db6275a8acadca289f426,2582,61.56,92.4454,99.9368
b3e2faf2c1004d674f16a3aa3197f0e1,2583,61.47,92.4812,99.9373
7963e546f34e098b578f9ad102494601,2584,60.99,92.517,99.9378
be7a093e5b4d147b36b72bb1f9e415e5,2585,60.9,92.5528,99.9383
83f2b4881141ce3fcd4e985125d3279e,2586,60.7,92.5886,99.9388
24a6daf925d9d591870a66660416de31,2587,60.0,92.6244,99.9393
7c462184585ae80bd6e5774c62ce50f2,2588,60.0,92.6602,99.9398
85e7c62c1d6ea078c3897424f867a7c8,2589,60.0,92.696,99.9403
0ee4fb99ac55ffbbc98795aa01b7f8fa,2590,59.9,92.7318,99.9407
3e46a38ee171c503c3b4a3f23fe3bf0c,2591,59.9,92.7676,99.9412
6ebf4eceee4dd9847201c82e77ef8123,2592,59.9,92.8034,99.9417
75fdd0a732287f9497b179f6bd445d32,2593,59.9,92.8392,99.9422
8fb67a334bacec338885b4e9e1708073,2594,59.9,92.875,99.9427
9ef932e837d8b7f392c0bfee9d359dc2,2595,59.9,92.9108,99.9432
c240c4061717ac1806ae6ee72be3533b,2596,59.9,92.9467,99.9437
e503f22be6a4f456d9851920a5d9c670,2597,59.9,92.9825,99.9441
528ce32f560edd11add4169f6a5b65be,2598,59.8,93.0183,99.9446
039b29ff3b3473435d0cd59040575de9,2599,59.7,93.0541,99.9451
3da38366e7bd9baf6369071f782ecdf0,2600,59.47,93.0899,99.9456
63704069d9bd3a75c1cf59babe56004a,2601,59.3,93.1257,99.9461
db1f0f7c7e5e87f40b62226f020bb297,2602,59.01,93.1615,99.9465
2f1e7b90e01d9f086cbcb301c0c3d406,2603,59.0,93.1973,99.947
dd5450b022b2d00a2145a66331e1aef6,2604,59.0,93.2331,99.9475
392353362d22cc2c236e1ee81ff19890,2605,58.91,93.2689,99.948
1de62b6f2fd96227629786db492433db,2606,58.9,93.3047,99.9485
37303482a42fb700d8d127e70a9cd6c8,2607,58.9,93.3405,99.9489
d180e07dc1e58c31c3f0cd599dc4d945,2608,58.8,93.3763,99.9494
42b6488f5b8246d9141712abd4b1b693,2609,58.0,93.4121,99.9499
cac4e0bc1a3269fa2b6ea5e763f6115b,2610,57.88,93.4479,99.9503
612a743d294c27884fb7b80d2b19ba35,2611,57.8,93.4837,99.9508
48e5ee06fb2dc74df1c711a9b6dfac2a,2612,57.0,93.5195,99.9513
5f0057b677eb963672bf05dfa3f16c34,2613,56.89,93.5553,99.9517
c6381b1321d7d97717a5bb4ed5b77882,2614,56.0,93.5911,99.9522
3e35a8bb43569389d3cebef0ce820f69,2615,55.8,93.6269,99.9526
0b1ca3ef18a63d7eb0c8897fa0849c08,2616,55.0,93.6627,99.9531
296729ffb9b684050dd24836dac4494a,2617,55.0,93.6985,99.9535
8c351ed7c326c62123318f4f3246e906,2618,55.0,93.7343,99.954
d85efbc8eff2b7adf524e2820569adc8,2619,55.0,93.7701,99.9544
ebe3dabc4955c9b0d695e7bda38bf5c3,2620,55.0,93.8059,99.9549
c7246702dc991a06d788120dc7544391,2621,54.86,93.8417,99.9553
c13fb473e7cb8b83ccd543c094df0608,2622,54.8,93.8776,99.9558
720e6cf846ea7572cbb66b743fb91e6c,2623,54.0,93.9134,99.9562
d26aa40b90272d4843d63be7c1462c8d,2624,53.0,93.9492,99.9566
a2a41aedb70551d4a85aa04dc2fced48,2625,52.79,93.985,99.9571
84c945f15571830c1a91a33978e94009,2626,51.98,94.0208,99.9575
258447aad3f7b01e2643c89f64dc5647,2627,51.9,94.0566,99.9579
1d1bbb8ac1581824986f582583fff01d,2628,51.4,94.0924,99.9583
e9e446d01bd10a97a8ffcfc4a3a20cb2,2629,51.15,94.1282,99.9587
eaf6d55068dea77334e8477d3878d89e,2630,51.0,94.164,99.9591
36f98ad67cc981f50ce8aed093d5783c,2631,50.0,94.1998,99.9595
8cf21434553b02cbd37c0bbd07e041b0,2632,49.99,94.2356,99.96
217f005bb37ff3aeef5b2ae1788e75ba,2633,49.98,94.2714,99.9604
2c2c9832d1bb38c5b0034a3b47d313ee,2634,49.9,94.3072,99.9608
33ab10be054370c254ddfcf0a6253422,2635,49.9,94.343,99.9612
3ded4e2d5f135cb103e5949d7263d2dd,2636,49.9,94.3788,99.9616
5587130f9850696ed7fafbc91c2cee44,2637,49.9,94.4146,99.962
58e4b302b54937e55a678c4d15111da4,2638,49.9,94.4504,99.9624
7b3447b497e55af8c15fc7bd89d7b81a,2639,49.9,94.4862,99.9628
fe19dce63ae80346207c6c55713d1023,2640,49.9,94.522,99.9632
7315baebc0572ff220d226283dc66728,2641,49.85,94.5578,99.9636
2c00c85d30361cd2ced2969cffbbffa3,2642,49.8,94.5936,99.964
1b61fb1f0f2185d89e9a126c498e9cc7,2643,49.7,94.6294,99.9644
42d4b7e70819438f5ada61c965e92d7e,2644,49.6,94.6652,99.9648
1f7dfad2cb384ea4d2d7e1ffbd78c407,2645,49.0,94.701,99.9652
2ef086a599b597572aca4433b7ed6b3d,2646,49.0,94.7368,99.9656
c963a25b8671419c6ce9eebe8fd03218,2647,49.0,94.7726,99.966
ce33c6211beaa8fef4cae8b52db39862,2648,49.0,94.8084,99.9664
417a1e6c7321084d2a0ae0d023cfad93,2649,48.9,94.8443,99.9668
2e2f44824ab87a0cb961f68bf4073e7f,2650,48.0,94.8801,99.9672
741f8c587cb4248ebc5b779a0e8e0e51,2651,47.97,94.9159,99.9676
a3fa18b3f688ec0fca3eb8bfcbd2d5b3,2652,47.8,94.9517,99.9679
9d213f303afae4983637247556438ede,2653,47.7,94.9875,99.9683
cad10cc982ab6a391570c211b995c17c,2654,47.4,95.0233,99.9687
baf15155e37ef5492731459bdc05be8a,2655,47.0,95.0591,99.9691
160851d3ece7aa1a510f8d1a4bb8a8af,2656,46.9,95.0949,99.9695
7494d0dcba8551df6cf37f1b905dc2f7,2657,45.9,95.1307,99.9699
51e0557bc7b86de13e946c60ee91ce39,2658,45.8,95.1665,99.9702
8629a7efec1aab257e58cda559f03ba7,2659,45.22,95.2023,99.9706
2d8cfba3fcd3170555941605edaa196a,2660,45.0,95.2381,99.971
70ee69419916dc13e3aed619061f996c,2661,45.0,95.2739,99.9713
89dda63a3c907c468ec88c310ed91213,2662,44.99,95.3097,99.9717
5a4236931428800e9d9cc04af0987118,2663,44.97,95.3455,99.972
da3fede3469bf49b7293ce3fc45b294d,2664,44.9,95.3813,99.9724
e5545d4d4473876ea78c5bcebca365c3,2665,44.5,95.4171,99.9728
42fb44130ac3134cde8e35cf8ec7df25,2666,43.8,95.4529,99.9731
15b3b1b81484422eb41df68ac87f1f50,2667,43.35,95.4887,99.9735
b01c2b7b8599b325103ebcddc67413e1,2668,42.9,95.5245,99.9738
7f02656561b680def9986c0795a8a080,2669,42.0,95.5603,99.9742
dedcab67899479e4ea5dcc4eba47f587,2670,42.0,95.5961,99.9745
3a3c180dd702a725bd0ba4117689239e,2671,41.9,95.6319,99.9748
749e7cdabbaf72f16677859e27874ba5,2672,41.9,95.6677,99.9752
16bdc8cefd0e32a6f0824d296c5ad14a,2673,41.76,95.7035,99.9755
a213f1bd6458f4a158f3746cb2514559,2674,41.52,95.7393,99.9759
31be790e64fc99f8ff48ec2bd18a3104,2675,39.9,95.7752,99.9762
4e2627090e6e5b9fabba883a37897683,2676,39.9,95.811,99.9765
c2bda99904207edd1834f03e0022b007,2677,39.9,95.8468,99.9768
df683dfda87bf71ac3fc63063fba369d,2678,39.9,95.8826,99.9772
9558aa23f77a9e0a0eca83540999f43b,2679,39.0,95.9184,99.9775
c74f14c1e26cf1bd5bd34b6a1e274426,2680,39.0,95.9542,99.9778
e595809a6c31ec4314fd06ef198c244d,2681,39.0,95.99,99.9781
0936e1837d0c79253456bbb2ffaaef10,2682,38.9,96.0258,99.9784
13dd308f81fea30cc670c656b2b46cc3,2683,38.9,96.0616,99.9787
2eeb6531ee027a48d401e72bebdd87d3,2684,38.7,96.0974,99.979
ec2e006556300a79a5a91e4876ab3a56,2685,38.7,96.1332,99.9794
d7ab82074b5f1dfba46db123df101bff,2686,38.67,96.169,99.9797
e72b4feb7abe210c52aa667abc25a3a2,2687,38.2,96.2048,99.98
062c325cd6a2b87845fab56b4ec2eeae,2688,37.88,96.2406,99.9803
9200e6ce317b67196b6b0bad4d4bd567,2689,36.9,96.2764,99.9806
1d139e3a3b14025640d8df1b230aace0,2690,36.49,96.3122,99.9809
c161d1327ebc3a156c09582ab2f59f6c,2691,35.99,96.348,99.9812
630008e0f062605a415d694489f6f82e,2692,35.35,96.3838,99.9815
3a52d63a8f9daf5a28f3626d7eb9bd28,2693,35.0,96.4196,99.9817
5cf1ec37aea089f45110c70653a166ab,2694,35.0,96.4554,99.982
baeda7047354773262ba2405f97038ba,2695,35.0,96.4912,99.9823
c716e0b86ed568878475b60fbb6323ad,2696,35.0,96.527,99.9826
05aebce0b5c8f0d41b29b686f2d05fd3,2697,34.99,96.5628,99.9829
bd4ff04377f974574f7f0bf9d6ce7dde,2698,34.99,96.5986,99.9832
cb162c8eef257253782d245c08d9097c,2699,34.99,96.6344,99.9834
84deb808079d1be601c209c1e771b1cc,2700,34.93,96.6702,99.9837
c0e6839516f5398edc34adf5f1d53d1a,2701,34.92,96.7061,99.984
213fafb0ca06fb3d5886579c2565791b,2702,34.9,96.7419,99.9843
43b2c864251aa0ce4030c746984e088a,2703,34.9,96.7777,99.9846
5a32c398a06c345440bf2a683b017ad3,2704,34.9,96.8135,99.9849
d8d9567d0bfb0bc7eb845a205ba42657,2705,34.8,96.8493,99.9851
41958cbd3335433c8740300e8cd600d5,2706,32.99,96.8851,99.9854
eb4a59a06b3948e851a7d7a830bcbc42,2707,32.0,96.9209,99.9857
7c9130f5f3729edd32aa059141d92484,2708,31.5,96.9567,99.9859
1d0646a72178a6fb37ee8082140e06ec,2709,30.5,96.9925,99.9862
d7f1cfc638473be93baedbfd02208016,2710,30.0,97.0283,99.9864
32f83ffe11cd40f7adcf4eef171f52d9,2711,29.99,97.0641,99.9867
9315e491484b1b0081ca166fc164108d,2712,29.99,97.0999,99.9869
139157dd4daa45c25b0807ffff348363,2713,29.9,97.1357,99.9871
3aa3c89ae3cd482385568be76120f63c,2714,29.9,97.1715,99.9874
436bf27f2f18474fc6047702e9f8a866,2715,29.9,97.2073,99.9876
a09a13f18ed27932d08438aa6f12756e,2716,29.9,97.2431,99.9879
a7d0f8dd44f57ef6de7f7f02e3d82630,2717,29.89,97.2789,99.9881
c0e0b73d039eb9a99b6ce4cb7a429cd3,2718,29.88,97.3147,99.9884
7b3f6ce5c6c22e9b96e7581ebf0df6e1,2719,29.8,97.3505,99.9886
9996ae921c50e8dff411ac69c0b4bb8b,2720,29.7,97.3863,99.9888
72c73be2b085b9d57650dd53eb2004c9,2721,29.4,97.4221,99.9891
c9d2ba8dde44a275ae06475ed1d2fafc,2722,28.79,97.4579,99.9893
9b1f656ca3060f8af17a50d8a024b533,2723,28.5,97.4937,99.9895
999f6d9a1c7c81f43be44c6b7d076210,2724,28.0,97.5295,99.9898
8b181ee5518df84f18f4e1a43fe07923,2725,27.9,97.5653,99.99
b026643914f651e8371425e5b8a1e780,2726,27.9,97.6011,99.9902
7adbd3210a7b3cc2235e225eef33574d,2727,26.5,97.6369,99.9904
f1fdf2d13186575751aa25876536d85c,2728,26.3,97.6728,99.9906
05e107217c7266362fd44b75b2cd4cc4,2729,25.98,97.7086,99.9909
07e8e8fc5222bb358e6f259da3197074,2730,25.9,97.7444,99.9911
6c9875b2f94ba781186f0c1aed8d1687,2731,25.0,97.7802,99.9913
7cb946b1ad19faebe28c3e86c2794ec3,2732,25.0,97.816,99.9915
38f276ca6e7cc95a6d1bb55ac9e5550f,2733,24.99,97.8518,99.9917
1c83418358f249c9d6affa52d579db0e,2734,24.9,97.8876,99.9919
33fd411ed63a7c2f9005e3f065d9f85d,2735,24.9,97.9234,99.9921
bca9230d3bbb4efa51872bf605a2f1ad,2736,24.9,97.9592,99.9923
cad9969167c09b48ae6f1d123f7fa68d,2737,24.0,97.995,99.9925
bd43e172d599bed47a85da877172ca8c,2738,23.92,98.0308,99.9927
43753b27d77860f1654aa72e251a7878,2739,23.9,98.0666,99.9929
544863df86ed3b78a04e0820d41430ee,2740,23.9,98.1024,99.9931
bcd2d7510d58e293f20fad6438c1b314,2741,23.9,98.1382,99.9932
2c54051840f19eca309a5423cf22df36,2742,23.7,98.174,99.9934
5e063e85d44b0f5c3e6ec3131103a57e,2743,22.9,98.2098,99.9936
eb1bf309f4f6af9a97e9ddac3fdbeabe,2744,22.3,98.2456,99.9938
0bb27263628258b8111a0262769fa9db,2745,22.2,98.2814,99.994
34675b28b826facfde119785bf287dc1,2746,21.99,98.3172,99.9942
98f52e1020fe788c10c0418de4393fec,2747,21.6,98.353,99.9943
8dfbc5ff27df12f6cef751d3b9554222,2748,21.0,98.3888,99.9945
b77a27b1864483e721dc831d5ba4afa0,2749,20.9,98.4246,99.9947
e64ddbe1cbcf4f2fc3092b7c481f3f9d,2750,20.9,98.4604,99.9948
e0b162a693bc7f9eab00f783a31d60ea,2751,20.0,98.4962,99.995
e76ecc7e9a1a1e3c6df9d2a8261c423d,2752,20.0,98.532,99.9952
455befea1bb853c75ccbca94cff26e5c,2753,19.99,98.5678,99.9953
bb7ad8a45c027be8ab075b8e465f8ca0,2754,19.98,98.6037,99.9955
0b46f784306be7200ca1700aa55d819f,2755,19.9,98.6395,99.9957
668bf321538e5072858eaef6087ce027,2756,19.9,98.6753,99.9958
698624c6632eeba1774924dbea24c700,2757,19.9,98.7111,99.996
7caa63f175b1cecbfaadd8b5ab9998c7,2758,19.9,98.7469,99.9961
d93b8458c6fe139d85cfa5eadbf55bd2,2759,19.9,98.7827,99.9963
bd65d163ded559eb90a10cd09fec178f,2760,19.8,98.8185,99.9965
9d69ba0a7a626a64dc5db08e529559cf,2761,19.3,98.8543,99.9966
ab75b89cc49c9ab3160d0c91565a442a,2762,18.99,98.8901,99.9968
ce4755084bc097113867e6454f8f5e52,2763,18.9,98.9259,99.9969
804287717b9156fb7a787acd9af4fac1,2764,18.8,98.9617,99.9971
bee36b4f9a2b9fdcaff6ec05df202ed0,2765,16.9,98.9975,99.9972
6bb62a4912377c7bfe7cb17b406bc7e6,2766,16.89,99.0333,99.9974
6bcb2352a2a0c38b845f598298ab9d26,2767,15.9,99.0691,99.9975
eae9af4811c294c56795d70e715b7337,2768,15.9,99.1049,99.9976
f3862c2188522d89860c38a3ea8b550d,2769,15.5,99.1407,99.9977
20f0aeea30bc3b8c4420be8ced4226c0,2770,14.9,99.1765,99.9979
b2f4d63c7203f539a78252565ca32257,2771,14.9,99.2123,99.998
c3e2398fcc7e581cda2e546557bf6968,2772,14.9,99.2481,99.9981
a61cc04793308395a840807104365121,2773,14.63,99.2839,99.9982
20d53aad4fe5ee93a64f8839609d3586,2774,14.5,99.3197,99.9983
539ed9e19811677513447759be5eccfc,2775,14.2,99.3555,99.9984
5b92bfa4120daa27c574daa2e386c693,2776,14.0,99.3913,99.9986
fb503a924a0b9db19d83dd0ac6dbef8c,2777,13.9,99.4271,99.9987
6614814a00d344b846ae209f95ee7e3f,2778,13.0,99.4629,99.9988
7ab0dd5487bab2dc835337b244f689fb,2779,12.5,99.4987,99.9989
9e25199f6ef7e7c347120ff175652c3b,2780,12.5,99.5346,99.999
c1d1ebb4745cc43cb6f05e9c8a705c9a,2781,12.5,99.5704,99.9991
3d62f86afa7c73be2628a3be1423f5a0,2782,12.0,99.6062,99.9992
cc1f04647be106ba74e62b21f358af25,2783,11.9,99.642,99.9993
f9f68daa2af419d38f745478bcb3da1a,2784,11.2,99.6778,99.9994
344223b2a90784f64136a8a5da012e7f,2785,10.9,99.7136,99.9995
95cca791657aabeff15a07eb152d7841,2786,9.99,99.7494,99.9995
c18309219e789960add0b2255ca4b091,2787,9.9,99.7852,99.9996
0f94588695d71662beec8d883ffacf09,2788,9.0,99.821,99.9997
4965a7002cca77301c82d3f91b82e1a9,2789,8.49,99.8568,99.9998
ad14615bdd492b01b0d97922e87cb87f,2790,8.25,99.8926,99.9998
702835e4b785b67a084280efca355756,2791,7.6,99.9284,99.9999
e5c84227854980f1db19a58958c551d9,2792,7.5,99.9642,99.9999
77128dec4bec4878c37ab7d6169d6f26,2793,6.5,100.0,100.0
